-- MySQL dump 10.13  Distrib 8.0.19, for Win64 (x86_64)
--
-- Host: 34.68.13.64    Database: sparkdb
-- ------------------------------------------------------
-- Server version	11.3.2-MariaDB

/*!40101 SET @OLD_CHARACTER_SET_CLIENT=@@CHARACTER_SET_CLIENT */;
/*!40101 SET @OLD_CHARACTER_SET_RESULTS=@@CHARACTER_SET_RESULTS */;
/*!40101 SET @OLD_COLLATION_CONNECTION=@@COLLATION_CONNECTION */;
/*!50503 SET NAMES utf8mb4 */;
/*!40103 SET @OLD_TIME_ZONE=@@TIME_ZONE */;
/*!40103 SET TIME_ZONE='+00:00' */;
/*!40014 SET @OLD_UNIQUE_CHECKS=@@UNIQUE_CHECKS, UNIQUE_CHECKS=0 */;
/*!40014 SET @OLD_FOREIGN_KEY_CHECKS=@@FOREIGN_KEY_CHECKS, FOREIGN_KEY_CHECKS=0 */;
/*!40101 SET @OLD_SQL_MODE=@@SQL_MODE, SQL_MODE='NO_AUTO_VALUE_ON_ZERO' */;
/*!40111 SET @OLD_SQL_NOTES=@@SQL_NOTES, SQL_NOTES=0 */;

--
-- Table structure for table `TB_CODE`
--

DROP TABLE IF EXISTS `TB_CODE`;
/*!40101 SET @saved_cs_client     = @@character_set_client */;
/*!50503 SET character_set_client = utf8mb4 */;
CREATE TABLE `TB_CODE` (
  `Code` varchar(10) NOT NULL,
  `Category` char(1) NOT NULL,
  `CDLV1` varchar(10) NOT NULL,
  `CDLV2` varchar(10) NOT NULL,
  `CDNM` varchar(50) NOT NULL,
  PRIMARY KEY (`Code`)
) ENGINE=InnoDB DEFAULT CHARSET=utf8mb3 COLLATE=utf8mb3_general_ci;
/*!40101 SET character_set_client = @saved_cs_client */;

--
-- Dumping data for table `TB_CODE`
--

LOCK TABLES `TB_CODE` WRITE;
/*!40000 ALTER TABLE `TB_CODE` DISABLE KEYS */;
INSERT INTO `TB_CODE` VALUES ('A','A','_','_','Product_Category'),('A01','A','01','_','컴퓨터 및 주변기기'),('A0101','A','01','01','노트북 컴퓨터'),('A0102','A','01','02','컴퓨터 주변기기'),('A0103','A','01','03','데스크탑 컴퓨터'),('A0104','A','01','04','모니터'),('A02','A','02','_','주방가전'),('A0201','A','02','01','인덕션&하이라이트'),('A0202','A','02','02','전자레인지'),('A0203','A','02','03','냉장고&김치냉장고'),('A03','A','03','_','소형 생활가전'),('A0301','A','03','01','인테리어 조명'),('A0302','A','03','02','청소기'),('A0303','A','03','03','믹서및소형모터류'),('A0304','A','03','04','난방기구'),('A0305','A','03','05','스피커및음향기기'),('A0306','A','03','06','헤어및미용기구'),('A0307','A','03','07','커피메이커'),('A0308','A','03','08','선풍기'),('A04','A','04','_','의류 관리기'),('A0401','A','04','01','세탁기'),('A0402','A','04','02','건조기'),('A0403','A','04','03','스타일러&에어드레서'),('A05','A','05','_','모바일 기기'),('A0501','A','05','01','스마트폰'),('A0502','A','05','02','모바일 액세서리'),('A0503','A','05','03','GPS&네비게이션'),('A0504','A','05','04','휴대용 게임기'),('A0505','A','05','05','모바일 결제기'),('A06','A','06','_','공기 정화기'),('A0601','A','06','01','가습기'),('A0602','A','06','02','공기청정기'),('A0603','A','06','03','에어컨'),('A0604','A','06','04','제습기'),('C','C','_','_','Manufacturer'),('C01','C','01','_','㈜다만네트웍스'),('C02','C','02','_','노블레스 코리아'),('C03','C','03','_','데이텀'),('C04','C','04','_','소닉컬쳐'),('C05','C','05','_','파브리캄'),('C06','C','06','_','주식회사쁘삔느'),('C07','C','07','_','보꼬미'),('C08','C','08','_','VSPEC'),('C09','C','09','_','깔끄미'),('C10','C','10','_','스카이몰26'),('C11','C','11','_','그린유'),('C12','C','12','_','엠씨티티코어(주)'),('C13','C','13','_','대웅전기'),('C14','C','14','_','뉴욕스토리'),('C15','C','15','_','㈜스택'),('C16','C','16','_','카파온'),('C17','C','17','_','㈜마이다스'),('C18','C','18','_','주-인스포러브'),('C19','C','19','_','입성'),('C20','C','20','_','한국과학연구소'),('C21','C','21','_','OXK'),('C22','C','22','_','매직 컴퓨터'),('C23','C','23','_','A&W'),('C24','C','24','_','A.Picks'),('C25','C','25','_','포이상사'),('C26','C','26','_','이모션랩(주)'),('C27','C','27','_','온돌마루'),('C28','C','28','_','제로정보통신기술'),('C29','C','29','_','GK.D'),('C30','C','30','_','Conto Sound'),('C31','C','31','_','디에잇(The 8)'),('C32','C','32','_','지엔콤네트웍스'),('C33','C','33','_','꾸러미'),('C34','C','34','_','주식회사 한성'),('C35','C','35','_','온슈'),('C36','C','36','_','플레이투샵'),('C37','C','37','_','한국소프트웨어에프엑스'),('C38','C','38','_','생활개선연구소'),('C39','C','39','_','사이언스이십일'),('C40','C','40','_','Thinks High'),('C41','C','41','_','㈜팀비스킷'),('C42','C','42','_','엘리하우스'),('C43','C','43','_','렉토피아'),('C44','C','44','_','선일모터'),('C45','C','45','_','미니멀리즘'),('C46','C','46','_','그린생활'),('C47','C','47','_','제이테크'),('C48','C','48','_','(주)엔존소프트'),('C49','C','49','_','클린에어'),('C50','C','50','_','안나이'),('C51','C','51','_','UBI-Pay'),('C52','C','52','_','호만실업'),('C53','C','53','_','호두나무씨주식회사'),('C54','C','54','_','㈜위즈엑스퍼트'),('C55','C','55','_','주식회사석진컴텍'),('C56','C','56','_','주식회사 에스티이'),('C57','C','57','_','보드맥스'),('D','D','_','_','Vendor'),('D01','D','01','_','SPS'),('D02','D','02','_','디지털랜드'),('D03','D','03','_','일렉트로마켓'),('D04','D','04','_','베스트스토어'),('D05','D','05','_','대명유통'),('D06','D','06','_','다팜전자'),('D07','D','07','_','유마켓코리아'),('D08','D','08','_','전자라인'),('D09','D','09','_','시온통상'),('D10','D','10','_','파워컴퍼니'),('E','E','_','_','Region'),('E01','E','01','_','광주시'),('E0101','E','01','01','광주지점'),('E02','E','02','_','세종시'),('E0201','E','02','01','세종지점'),('E03','E','03','_','전라북도'),('E0301','E','03','01','전북지점'),('E04','E','04','_','경기도'),('E0401','E','04','01','경기 센트럴점 '),('E0402','E','04','02','경기 남부지점'),('E0403','E','04','03','경기 북부지점'),('E0404','E','04','04','경기 중앙점'),('E0405','E','04','05','경기 서부지점'),('E0406','E','04','06','경기 동부지점'),('E05','E','05','_','부산시'),('E0501','E','05','01','부산 남부지점'),('E0502','E','05','02','부산 북부지점'),('E06','E','06','_','충청북도'),('E0601','E','06','01','충북지점'),('E07','E','07','_','강원도'),('E0701','E','07','01','강원지점'),('E08','E','08','_','서울시'),('E0801','E','08','01','서울 남부지점'),('E0802','E','08','02','서울 북부지점'),('E0803','E','08','03','서울 중앙점'),('E09','E','09','_','제주시'),('E0901','E','09','01','제주점'),('E10','E','10','_','경상남도'),('E1001','E','10','01','경남지점'),('E11','E','11','_','전라남도'),('E1101','E','11','01','전남지점'),('E12','E','12','_','경상북도'),('E1201','E','12','01','경북지점'),('E13','E','13','_','인천시'),('E1301','E','13','01','인천지점'),('E14','E','14','_','충청남도'),('E1401','E','14','01','충남지점'),('E15','E','15','_','대전시'),('E1501','E','15','01','대전지점'),('E16','E','16','_','대구시'),('E1601','E','16','01','대구지점'),('F','F','_','_','Channel'),('F01','F','01','_','온라인 쇼핑'),('F02','F','02','_','오프라인 매장'),('F03','F','03','_','사원 직접판매');
/*!40000 ALTER TABLE `TB_CODE` ENABLE KEYS */;
UNLOCK TABLES;

--
-- Table structure for table `TB_ISO`
--

DROP TABLE IF EXISTS `TB_ISO`;
/*!40101 SET @saved_cs_client     = @@character_set_client */;
/*!50503 SET character_set_client = utf8mb4 */;
CREATE TABLE `TB_ISO` (
  `subdivision_category` varchar(50) DEFAULT NULL,
  `iso_code` varchar(10) NOT NULL,
  `subdivision_name` varchar(50) DEFAULT NULL,
  `local_variant` varchar(50) DEFAULT NULL,
  `language_code` varchar(5) DEFAULT NULL,
  `code` varchar(10) DEFAULT NULL,
  PRIMARY KEY (`iso_code`)
) ENGINE=InnoDB DEFAULT CHARSET=utf8mb3 COLLATE=utf8mb3_general_ci;
/*!40101 SET character_set_client = @saved_cs_client */;

--
-- Dumping data for table `TB_ISO`
--

LOCK TABLES `TB_ISO` WRITE;
/*!40000 ALTER TABLE `TB_ISO` DISABLE KEYS */;
INSERT INTO `TB_ISO` VALUES ('special city','KR-11','Seoul-teukbyeolsi','Seoul','ko','E08'),('metropolitan city','KR-26','Busan-gwangyeoksi','Busan','ko','E05'),('metropolitan city','KR-27','Daegu-gwangyeoksi','Daegu','ko','E16'),('metropolitan city','KR-28','Incheon-gwangyeoksi','Incheon','ko','E13'),('metropolitan city','KR-29','Gwangju-gwangyeoksi','Gwangju','ko','E01'),('metropolitan city','KR-30','Daejeon-gwangyeoksi','Daejeon','ko','E15'),('metropolitan city','KR-31','Ulsan-gwangyeoksi','Ulsan','ko','_'),('province','KR-41','Gyeonggi-do','Gyeonggi','ko','E04'),('special self-governing province','KR-42','Gangwon-teukbyeoljachido','Gangwon','ko','E07'),('province','KR-43','Chungcheongbuk-do','Chungbuk','ko','E06'),('province','KR-44','Chungcheongnam-do','Chungnam','ko','E14'),('province','KR-45','Jeollabuk-do','Jeonbuk','ko','E03'),('province','KR-46','Jeollanam-do','Jeonnam','ko','E11'),('province','KR-47','Gyeongsangbuk-do','Gyeongbuk','ko','E12'),('province','KR-48','Gyeongsangnam-do','Gyeongnam','ko','E10'),('special self-governing province','KR-49','Jeju-teukbyeoljachido','Jeju','ko','E09'),('special self-governing city','KR-50','Sejong','','ko','_');
/*!40000 ALTER TABLE `TB_ISO` ENABLE KEYS */;
UNLOCK TABLES;

--
-- Table structure for table `TB_EMPLOYEES`
--

DROP TABLE IF EXISTS `TB_EMPLOYEES`;
/*!40101 SET @saved_cs_client     = @@character_set_client */;
/*!50503 SET character_set_client = utf8mb4 */;
CREATE TABLE `TB_EMPLOYEES` (
  `Employee_ID` int(11) NOT NULL,
  `Employee_NM` varchar(50) NOT NULL,
  `Branch_CD` varchar(10) NOT NULL,
  `sex` char(1) NOT NULL,
  `age` int(11) NOT NULL,
  PRIMARY KEY (`Employee_ID`)
) ENGINE=InnoDB DEFAULT CHARSET=utf8mb3 COLLATE=utf8mb3_general_ci;
/*!40101 SET character_set_client = @saved_cs_client */;

--
-- Dumping data for table `TB_EMPLOYEES`
--

LOCK TABLES `TB_EMPLOYEES` WRITE;
/*!40000 ALTER TABLE `TB_EMPLOYEES` DISABLE KEYS */;
INSERT INTO `TB_EMPLOYEES` VALUES (10038410,'정선우','E0301','M',42),(10045673,'하예나','E0601','F',26),(10066883,'최서후','E0502','M',49),(10176507,'신서우','E0404','M',25),(10210313,'이은지','E0701','F',39),(10221259,'민리아','E1401','F',44),(10247044,'우진우','E0406','M',48),(10267121,'유소윤','E0405','F',48),(10303465,'강서율','E0406','M',37),(10325486,'김도현','E0701','M',40),(10497341,'소윤아','E0502','F',33),(10533047,'송라희','E0201','F',31),(10551684,'피진우','E0501','M',40),(10557732,'천시안','E0501','F',36),(10565822,'노태준','E1601','M',29),(10578509,'강라온','E0401','F',48),(10698884,'지재현','E0801','M',54),(10732311,'소승민','E1601','M',29),(10954400,'김연아','E0401','F',38),(10975556,'도진환','E0403','M',30),(11008102,'장하영','E0901','F',34),(11012896,'박정진','E1301','M',54),(11024500,'주지한','E0803','M',37),(11060956,'마주안','E0201','M',35),(11128537,'진하민','E0101','M',35),(11169746,'김도윤','E1401','M',40),(11240001,'배순례','E1401','F',25),(11314754,'이서율','E0501','M',44),(11346706,'박서연','E0404','F',29),(11353760,'김진','E1101','F',42),(11361369,'한지수','E0406','M',27),(11380148,'한규민','E0901','M',31),(11465754,'이서진','E0406','M',42),(11482086,'강민호','E0802','M',54),(11518420,'조수민','E0101','F',46),(11549393,'박재윤','E0601','M',46),(11564491,'강이든','E1001','M',30),(11583106,'조채린','E0405','F',27),(11604770,'정소율','E1601','F',39),(11612787,'원민욱','E0406','M',31),(11662951,'이아인','E1401','F',25),(11682277,'정윤서','E1301','F',56),(11853002,'최율','E1401','M',34),(11917379,'이하율','E0403','M',36),(11940664,'노은영','E0801','F',42),(11968920,'이재민','E1001','M',35),(12041933,'최하랑','E0201','F',41),(12051125,'김로운','E0801','M',31),(12082133,'장경옥','E0801','F',46),(12106005,'손재하','E0802','M',53),(12117240,'한시완','E0601','M',39),(12231936,'김하윤','E0501','F',40),(12261265,'손유빈','E1201','M',36),(12272132,'김민준','E0501','M',35),(12285227,'김시원','E1201','M',37),(12311915,'강다윤','E0403','F',48),(12427345,'최민설','E0403','F',36),(12434087,'정민아','E0406','F',54),(12472778,'유하린','E0405','F',33),(12479307,'주하진','E1101','M',34),(12491696,'박찬율','E1501','M',27),(12497676,'이유주','E1201','F',29),(12518444,'주수연','E0803','F',42),(12571561,'박지석','E0201','M',36),(12576371,'조이안','E0301','F',39),(12581866,'김재경','E1101','M',30),(12655510,'박성재','E0502','M',47),(12718323,'윤시은','E0402','F',25),(12743693,'박지윤','E0201','F',47),(12876517,'이정호','E1101','M',31),(12893727,'소은찬','E0802','M',52),(12903654,'신다인','E0502','M',34),(12918391,'마유하','E1501','F',30),(12946460,'소설아','E1401','F',40),(12949841,'한채아','E0501','F',38),(13015743,'박가람','E1301','F',50),(13180895,'유민준','E0901','M',37),(13205822,'조준','E0402','M',56),(13211091,'지소미','E0701','F',44),(13312818,'강동연','E0803','M',40),(13320551,'추윤재','E1401','M',34),(13328431,'최서원','E0201','M',31),(13349972,'정지환','E1001','M',36),(13406910,'이선율','E0803','M',42),(13509300,'추유진','E0201','F',40),(13550070,'김인성','E0101','M',38),(13677641,'김주아','E0501','F',35),(13679427,'민도율','E1001','M',34),(13693964,'이지율','E0501','M',46),(13698229,'박현우','E0301','M',37),(13704662,'송윤우','E0101','M',28),(13732266,'박예준','E0901','M',39),(13876879,'한태양','E1401','M',36),(13908683,'한하람','E0402','F',34),(13924125,'김나은','E0802','F',46),(13956828,'한가은','E1001','F',54),(13960573,'주예은','E0301','F',48),(13966206,'이나연','E0802','F',53),(13989641,'김연우','E0501','M',55),(14057450,'주주호','E0406','M',29),(14097404,'최지유','E1001','F',48),(14185540,'유준혁','E0101','M',27),(14219196,'이세진','E0901','M',54),(14227011,'정준서','E0101','M',50),(14239455,'김예서','E0502','F',26),(14280313,'정주형','E0101','M',40),(14280851,'김채은','E0901','F',36),(14299431,'Dave','E1101','M',58),(14315088,'김형철','E0803','M',42),(14317638,'김옥분','E0701','F',56),(14322580,'김민성','E1101','M',30),(14349742,'김시현','E0201','M',42),(14378446,'민성빈','E0301','M',53),(14487346,'홍수현','E0901','F',46),(14556276,'이지우','E0404','M',36),(14617941,'최서영','E1001','F',47),(14704081,'진민규','E1401','M',31),(14749058,'박승현','E0401','M',35),(14805143,'강민채','E0501','F',37),(14817526,'최유준','E0101','M',47),(14828401,'정준우','E0501','M',41),(15041199,'단민찬','E0601','M',56),(15146906,'한서은','E0201','F',49),(15187234,'진서희','E1501','F',55),(15207458,'이현준','E0101','M',49),(15324575,'장진형','E0406','M',46),(15353306,'김수호','E0405','M',52),(15398031,'조하온','E0405','M',37),(15478516,'한은채','E0406','F',27),(15498099,'이가을','E1401','F',31),(15512772,'윤다현','E0801','F',30),(15570954,'최예지','E0801','F',25),(15577793,'최창민','E0501','M',52),(15585556,'진연우','E0404','M',55),(15615491,'송예린','E0404','F',30),(15634660,'김찬우','E1201','M',50),(15637365,'이남원','E0402','M',49),(15740124,'박채원','E0403','F',48),(15923388,'김준희','E0402','F',46),(15954186,'김진숙','E1301','F',30),(15955414,'강소이','E0801','F',30),(16008782,'유지훈','E1301','M',40),(16010930,'홍다온','E0402','F',31),(16026800,'김민재','E0406','M',28),(16107361,'안지원','E0406','F',50),(16139593,'한지율','E0803','M',36),(16144640,'남궁하연','E0404','F',56),(16164817,'한승아','E1201','F',28),(16193960,'James','E0201','M',31),(16246189,'진채윤','E1001','F',33),(16254610,'윤서현','E0802','F',50),(16282276,'이효빈','E0803','M',42),(16373466,'단예원','E1001','F',34),(16412206,'홍시후','E0101','M',49),(16447186,'손지오','E0803','M',30),(16494230,'한사랑','E0101','F',32),(16512231,'한봄','E0301','F',31),(16533764,'박다은','E0501','F',27),(16540272,'강나윤','E0405','F',34),(16561299,'김준원','E0601','M',34),(16616546,'강시형','E1201','M',53),(16643361,'송준영','E0801','M',34),(16682264,'Alberto','E1501','M',58),(16747573,'정시환','E1601','M',47),(16747671,'김하진','E0901','M',36),(16763068,'안승연','E1001','M',28),(16778493,'손주하','E0402','M',37),(16812552,'천수빈','E0502','F',33),(16925700,'채이현','E1601','F',37),(16950025,'김태영','E0406','M',39),(16978834,'진수현','E0403','F',55),(16998244,'송윤희','E0301','F',33),(17019674,'민로아','E0402','F',29),(17020755,'김서하','E0501','F',45),(17091130,'하시온','E1001','M',27),(17137056,'주은서','E0404','F',25),(17138720,'홍동균','E0404','M',27),(17146359,'윤시준','E1101','M',30),(17327051,'이지성','E0701','M',54),(17330878,'이서준','E0601','M',53),(17346915,'노지웅','E0402','M',47),(17370519,'한지우','E0802','M',30),(17527387,'신현상','E0803','M',33),(17560657,'강현서','E0601','F',25),(17629683,'방예성','E0401','M',30),(17652094,'홍지민','E1001','F',50),(17675494,'유지온','E0301','M',30),(17722272,'김주원','E0301','M',29),(17749462,'이태윤','E0403','M',26),(17755775,'이지후','E0101','M',33),(17788070,'남궁경민','E1101','M',47),(17790913,'홍신원','E0802','M',27),(17792511,'이해준','E0501','M',41),(17883461,'진시율','E0101','F',44),(17918199,'윤유찬','E0402','M',36),(17923351,'한태민','E0201','M',28),(17969482,'홍지영','E1301','F',33),(17984370,'이우주','E0802','M',38),(18105795,'박세아','E0502','F',25),(18113508,'주라온','E0406','F',39),(18134857,'강민우','E0402','M',44),(18141209,'박시윤','E1301','F',54),(18145679,'한정우','E0501','M',47),(18161470,'하재이','E0502','F',36),(18206206,'방다연','E0803','F',42),(18241471,'이아린','E0701','F',39),(18246853,'김민수','E0802','M',49),(18261453,'한하율','E1501','F',48),(18280994,'강경준','E1301','M',29),(18317802,'구재이','E1101','M',25),(18358598,'이은호','E0701','M',34),(18385852,'오서윤','E0301','F',40),(18452829,'송서진','E0501','M',40),(18494676,'박건우','E0402','M',40),(18502736,'서진수','E0402','M',31),(18515255,'김한결','E0502','M',27),(18528137,'이승우','E1501','M',40),(18539804,'이민지','E0402','F',39),(18544074,'정지호','E0401','M',39),(18690652,'송지아','E0802','F',33),(18734442,'이윤선','E1101','F',49),(18737840,'안소은','E0501','F',28),(18761066,'최덕영','E0501','M',40),(18844191,'이은재','E0901','M',42),(18884888,'조유나','E0601','F',38),(18891773,'박연서','E0301','F',44),(18895089,'김기영','E0403','M',47),(18947264,'피소민','E0501','F',29),(18990619,'천지원','E0901','M',30),(19029099,'김수아','E0403','F',33),(19048843,'정욱','E0801','M',53),(19084846,'강도하','E0701','M',32),(19087848,'이지안','E0802','F',55),(19098739,'오정민','E0301','M',56),(19158655,'소예진','E0405','F',46),(19210966,'채하준','E0301','M',44),(19230272,'윤율','E0404','M',48),(19245273,'노태린','E0501','F',44),(19273386,'김민서','E0803','M',49),(19298091,'김우빈','E0801','M',34),(19304302,'남다온','E0803','F',26),(19310098,'최윤수','E1601','M',33),(19312139,'정하은','E0201','F',50),(19347105,'강재원','E0803','M',40),(19410356,'진서우','E0803','M',49),(19431694,'김도겸','E0406','M',39),(19467963,'오시우','E0601','M',53),(19471950,'장은성','E0401','M',35),(19475505,'권혁빈','E0406','M',53),(19542122,'채서아','E0803','F',36),(19602237,'김상욱','E0801','M',40),(19637717,'정시아','E0701','F',48),(19659013,'방하나','E0802','F',39),(19666670,'이은우','E0502','M',35),(19697406,'방윤호','E0406','M',39),(19757057,'채지은','E0701','F',29),(19796638,'정아윤','E0502','F',53),(19798293,'하도경','E0501','M',33),(19868113,'주시연','E0101','F',42),(19950875,'소이준','E1301','M',50),(19986184,'윤우진','E1601','M',47),(19999953,'진민후','E0801','M',29);
/*!40000 ALTER TABLE `TB_EMPLOYEES` ENABLE KEYS */;
UNLOCK TABLES;

--
-- Table structure for table `TB_PRODUCT`
--

DROP TABLE IF EXISTS `TB_PRODUCT`;
/*!40101 SET @saved_cs_client     = @@character_set_client */;
/*!50503 SET character_set_client = utf8mb4 */;
CREATE TABLE `TB_PRODUCT` (
  `Prod_Cat_ID` varchar(10) NOT NULL,
  `Product_ID` varchar(50) NOT NULL,
  `Manufacturer_ID` varchar(10) NOT NULL,
  `Vendor_ID` varchar(10) NOT NULL,
  PRIMARY KEY (`Product_ID`)
) ENGINE=InnoDB DEFAULT CHARSET=utf8mb3 COLLATE=utf8mb3_general_ci;
/*!40101 SET character_set_client = @saved_cs_client */;

--
-- Dumping data for table `TB_PRODUCT`
--

LOCK TABLES `TB_PRODUCT` WRITE;
/*!40000 ALTER TABLE `TB_PRODUCT` DISABLE KEYS */;
INSERT INTO `TB_PRODUCT` VALUES ('A0603','ANN2-CAN1001191 Black','C50','D01'),('A0603','ANN2-CAN1001192 Dark Grey','C50','D01'),('A0603','ANN2-CAN1001193 Melange Grey','C50','D01'),('A0603','ANN2-CAN1001194 Titan Grey','C50','D01'),('A0603','ANN2-CAN1001195 White','C50','D01'),('A0603','ANN2-CAN1001196 Ivory','C50','D01'),('A0603','ANN2-CAN1001198 Green','C50','D01'),('A0603','ANN2-CAN1001199 Blue','C50','D01'),('A0603','ANN2-CAN1001200 Deep Blue','C50','D01'),('A0603','ANN2-CAN1001201 Navy','C50','D01'),('A0603','ANN2-CAN1001202 Khaki','C50','D01'),('A0603','ANN2-CAN1001203 Sky Blue','C50','D01'),('A0603','ANN2-CAN1001204 Yellow','C50','D01'),('A0603','ANN2-CAN1001205 Floral Pattern','C50','D01'),('A0603','ANN2-CAN1001206 Purple','C50','D01'),('A0603','ANN2-CAN1001207 Orange','C50','D01'),('A0603','ANN2-CAN1001208 Stripe','C50','D01'),('A0603','ANN2-CAN1001209 Marine White','C50','D01'),('A0603','ANN2-CAN1001210 Aqua Blue','C50','D01'),('A0603','ANN2-CAN1001211 Logo Pattern','C50','D01'),('A0603','ANN2-CAN1001212 Square Pattern','C50','D01'),('A0603','ANN2-CAN1001213 Dot Pattern','C50','D01'),('A0304','APK-HT3339175 Black','C24','D06'),('A0304','APK-HT3339176 Dark Grey','C24','D06'),('A0304','APK-HT3339177 Melange Grey','C24','D06'),('A0304','APK-HT3339178 Titan Grey','C24','D06'),('A0304','APK-HT3339179 White','C24','D06'),('A0304','APK-HT3339180 Ivory','C24','D06'),('A0304','APK-HT3339181 Red','C24','D06'),('A0304','APK-HT3339182 Green','C24','D06'),('A0304','APK-HT3339183 Blue','C24','D06'),('A0304','APK-HT3339184 Deep Blue','C24','D06'),('A0304','APK-HT3339185 Navy','C24','D06'),('A0304','APK-HT3339186 Khaki','C24','D06'),('A0304','APK-HT3339187 Sky Blue','C24','D06'),('A0304','APK-HT3339188 Yellow','C24','D06'),('A0304','APK-HT3339189 Floral Pattern','C24','D06'),('A0304','APK-HT3339190 Purple','C24','D06'),('A0304','APK-HT3339191 Orange','C24','D06'),('A0304','APK-HT3339192 Stripe','C24','D06'),('A0304','APK-HT3339193 Marine White','C24','D06'),('A0304','APK-HT3339194 Aqua Blue','C24','D06'),('A0304','APK-HT3339195 Logo Pattern','C24','D06'),('A0304','APK-HT3339196 Square Pattern','C24','D06'),('A0304','APK-HT3339197 Dot Pattern','C24','D06'),('A0502','AW-MACC2054531 Black','C23','D05'),('A0502','AW-MACC2054532 Dark Grey','C23','D05'),('A0502','AW-MACC2054533 Melange Grey','C23','D05'),('A0502','AW-MACC2054534 Titan Grey','C23','D05'),('A0502','AW-MACC2054535 White','C23','D05'),('A0502','AW-MACC2054536 Ivory','C23','D05'),('A0502','AW-MACC2054537 Red','C23','D05'),('A0502','AW-MACC2054538 Green','C23','D05'),('A0502','AW-MACC2054539 Blue','C23','D05'),('A0502','AW-MACC2054540 Deep Blue','C23','D05'),('A0502','AW-MACC2054541 Navy','C23','D05'),('A0502','AW-MACC2054542 Khaki','C23','D05'),('A0502','AW-MACC2054543 Sky Blue','C23','D05'),('A0502','AW-MACC2054544 Yellow','C23','D05'),('A0502','AW-MACC2054545 Floral Pattern','C23','D05'),('A0502','AW-MACC2054546 Purple','C23','D05'),('A0502','AW-MACC2054547 Orange','C23','D05'),('A0502','AW-MACC2054548 Stripe','C23','D05'),('A0502','AW-MACC2054549 Marine White','C23','D05'),('A0502','AW-MACC2054550 Aqua Blue','C23','D05'),('A0502','AW-MACC2054551 Logo Pattern','C23','D05'),('A0502','AW-MACC2054552 Square Pattern','C23','D05'),('A0502','AW-MACC2054553 Dot Pattern','C23','D05'),('A0501','AW-PHN2821456 Black','C23','D05'),('A0501','AW-PHN2821457 Dark Grey','C23','D05'),('A0501','AW-PHN2821458 Melange Grey','C23','D05'),('A0501','AW-PHN2821459 Titan Grey','C23','D05'),('A0501','AW-PHN2821460 White','C23','D05'),('A0501','AW-PHN2821461 Ivory','C23','D05'),('A0501','AW-PHN2821462 Red','C23','D05'),('A0501','AW-PHN2821463 Green','C23','D05'),('A0501','AW-PHN2821464 Blue','C23','D05'),('A0501','AW-PHN2821465 Deep Blue','C23','D05'),('A0501','AW-PHN2821466 Navy','C23','D05'),('A0501','AW-PHN2821467 Khaki','C23','D05'),('A0501','AW-PHN2821468 Sky Blue','C23','D05'),('A0501','AW-PHN2821469 Yellow','C23','D05'),('A0501','AW-PHN2821470 Floral Pattern','C23','D05'),('A0501','AW-PHN2821471 Purple','C23','D05'),('A0501','AW-PHN2821472 Orange','C23','D05'),('A0501','AW-PHN2821473 Stripe','C23','D05'),('A0501','AW-PHN2821474 Marine White','C23','D05'),('A0501','AW-PHN2821475 Aqua Blue','C23','D05'),('A0501','AW-PHN2821476 Logo Pattern','C23','D05'),('A0501','AW-PHN2821477 Square Pattern','C23','D05'),('A0501','AW-PHN2821478 Dot Pattern','C23','D05'),('A0603','B-MAX-CAN1001168 Black','C57','D06'),('A0603','B-MAX-CAN1001170 Melange Grey','C57','D06'),('A0603','B-MAX-CAN1001171 Titan Grey','C57','D06'),('A0603','B-MAX-CAN1001172 White','C57','D06'),('A0603','B-MAX-CAN1001173 Ivory','C57','D06'),('A0603','B-MAX-CAN1001174 Red','C57','D06'),('A0603','B-MAX-CAN1001175 Green','C57','D06'),('A0603','B-MAX-CAN1001176 Blue','C57','D06'),('A0603','B-MAX-CAN1001177 Deep Blue','C57','D06'),('A0603','B-MAX-CAN1001180 Sky Blue','C57','D06'),('A0603','B-MAX-CAN1001182 Floral Pattern','C57','D06'),('A0603','B-MAX-CAN1001183 Purple','C57','D06'),('A0603','B-MAX-CAN1001184 Orange','C57','D06'),('A0603','B-MAX-CAN1001185 Stripe','C57','D06'),('A0603','B-MAX-CAN1001186 Marine White','C57','D06'),('A0603','B-MAX-CAN1001187 Aqua Blue','C57','D06'),('A0603','B-MAX-CAN1001188 Logo Pattern','C57','D06'),('A0603','B-MAX-CAN1001189 Square Pattern','C57','D06'),('A0603','B-MAX-CAN1001190 Dot Pattern','C57','D06'),('A0302','BKM-CL3339198 Black','C07','D04'),('A0302','BKM-CL3339199 Dark Grey','C07','D04'),('A0302','BKM-CL3339200 Melange Grey','C07','D04'),('A0302','BKM-CL3339201 Titan Grey','C07','D04'),('A0302','BKM-CL3339202 White','C07','D04'),('A0302','BKM-CL3339203 Ivory','C07','D04'),('A0302','BKM-CL3339204 Red','C07','D04'),('A0302','BKM-CL3339205 Green','C07','D04'),('A0302','BKM-CL3339206 Blue','C07','D04'),('A0302','BKM-CL3339207 Deep Blue','C07','D04'),('A0302','BKM-CL3339208 Navy','C07','D04'),('A0302','BKM-CL3339209 Khaki','C07','D04'),('A0302','BKM-CL3339210 Sky Blue','C07','D04'),('A0302','BKM-CL3339211 Yellow','C07','D04'),('A0302','BKM-CL3339212 Floral Pattern','C07','D04'),('A0302','BKM-CL3339213 Purple','C07','D04'),('A0302','BKM-CL3339214 Orange','C07','D04'),('A0302','BKM-CL3339215 Stripe','C07','D04'),('A0302','BKM-CL3339216 Marine White','C07','D04'),('A0302','BKM-CL3339217 Aqua Blue','C07','D04'),('A0302','BKM-CL3339218 Logo Pattern','C07','D04'),('A0302','BKM-CL3339219 Square Pattern','C07','D04'),('A0302','BKM-CL3339220 Dot Pattern','C07','D04'),('A0602','CAIR-AirCL1004652 Black','C49','D01'),('A0602','CAIR-AirCL1004653 Dark Grey','C49','D01'),('A0602','CAIR-AirCL1004654 Melange Grey','C49','D01'),('A0602','CAIR-AirCL1004655 Titan Grey','C49','D01'),('A0602','CAIR-AirCL1004656 White','C49','D01'),('A0602','CAIR-AirCL1004657 Ivory','C49','D01'),('A0602','CAIR-AirCL1004658 Red','C49','D01'),('A0602','CAIR-AirCL1004659 Green','C49','D01'),('A0602','CAIR-AirCL1004660 Blue','C49','D01'),('A0602','CAIR-AirCL1004661 Deep Blue','C49','D01'),('A0602','CAIR-AirCL1004662 Navy','C49','D01'),('A0602','CAIR-AirCL1004663 Khaki','C49','D01'),('A0602','CAIR-AirCL1004664 Sky Blue','C49','D01'),('A0602','CAIR-AirCL1004665 Yellow','C49','D01'),('A0602','CAIR-AirCL1004666 Floral Pattern','C49','D01'),('A0602','CAIR-AirCL1004667 Purple','C49','D01'),('A0602','CAIR-AirCL1004668 Orange','C49','D01'),('A0602','CAIR-AirCL1004669 Stripe','C49','D01'),('A0602','CAIR-AirCL1004670 Marine White','C49','D01'),('A0602','CAIR-AirCL1004671 Aqua Blue','C49','D01'),('A0602','CAIR-AirCL1004672 Logo Pattern','C49','D01'),('A0602','CAIR-AirCL1004673 Square Pattern','C49','D01'),('A0602','CAIR-AirCL1004674 Dot Pattern','C49','D01'),('A0305','CNT-SO3339313 Black','C30','D08'),('A0305','CNT-SO3339314 Dark Grey','C30','D08'),('A0305','CNT-SO3339315 Melange Grey','C30','D08'),('A0305','CNT-SO3339316 Titan Grey','C30','D08'),('A0305','CNT-SO3339317 White','C30','D08'),('A0305','CNT-SO3339318 Ivory','C30','D08'),('A0305','CNT-SO3339319 Red','C30','D08'),('A0305','CNT-SO3339320 Green','C30','D08'),('A0305','CNT-SO3339321 Blue','C30','D08'),('A0305','CNT-SO3339322 Deep Blue','C30','D08'),('A0305','CNT-SO3339323 Navy','C30','D08'),('A0305','CNT-SO3339324 Khaki','C30','D08'),('A0305','CNT-SO3339325 Sky Blue','C30','D08'),('A0305','CNT-SO3339326 Yellow','C30','D08'),('A0305','CNT-SO3339327 Floral Pattern','C30','D08'),('A0305','CNT-SO3339328 Purple','C30','D08'),('A0305','CNT-SO3339329 Orange','C30','D08'),('A0305','CNT-SO3339330 Stripe','C30','D08'),('A0305','CNT-SO3339331 Marine White','C30','D08'),('A0305','CNT-SO3339332 Aqua Blue','C30','D08'),('A0305','CNT-SO3339333 Logo Pattern','C30','D08'),('A0305','CNT-SO3339334 Square Pattern','C30','D08'),('A0305','CNT-SO3339335 Dot Pattern','C30','D08'),('A0103','DM-DSKT6810547 Black','C01','D01'),('A0103','DM-DSKT6810548 Dark Grey','C01','D01'),('A0103','DM-DSKT6810549 Melange Grey','C01','D01'),('A0103','DM-DSKT6810550 Titan Grey','C01','D01'),('A0103','DM-DSKT6810551 White','C01','D01'),('A0103','DM-DSKT6810552 Ivory','C01','D01'),('A0103','DM-DSKT6810553 Red','C01','D01'),('A0103','DM-DSKT6810554 Green','C01','D01'),('A0103','DM-DSKT6810555 Blue','C01','D01'),('A0103','DM-DSKT6810556 Deep Blue','C01','D01'),('A0103','DM-DSKT6810557 Navy','C01','D01'),('A0103','DM-DSKT6810558 Khaki','C01','D01'),('A0103','DM-DSKT6810559 Sky Blue','C01','D01'),('A0103','DM-DSKT6810560 Yellow','C01','D01'),('A0103','DM-DSKT6810561 Floral Pattern','C01','D01'),('A0103','DM-DSKT6810562 Purple','C01','D01'),('A0103','DM-DSKT6810563 Orange','C01','D01'),('A0103','DM-DSKT6810564 Stripe','C01','D01'),('A0103','DM-DSKT6810565 Marine White','C01','D01'),('A0103','DM-DSKT6810566 Aqua Blue','C01','D01'),('A0103','DM-DSKT6810567 Logo Pattern','C01','D01'),('A0103','DM-DSKT6810568 Square Pattern','C01','D01'),('A0103','DM-DSKT6810569 Dot Pattern','C01','D01'),('A0104','DM-MOR8443205 Black','C01','D01'),('A0104','DM-MOR8443206 Dark Grey','C01','D01'),('A0104','DM-MOR8443207 Melange Grey','C01','D01'),('A0104','DM-MOR8443208 Titan Grey','C01','D01'),('A0104','DM-MOR8443209 White','C01','D01'),('A0104','DM-MOR8443210 Ivory','C01','D01'),('A0104','DM-MOR8443211 Red','C01','D01'),('A0104','DM-MOR8443212 Green','C01','D01'),('A0104','DM-MOR8443213 Blue','C01','D01'),('A0104','DM-MOR8443214 Deep Blue','C01','D01'),('A0104','DM-MOR8443215 Navy','C01','D01'),('A0104','DM-MOR8443216 Khaki','C01','D01'),('A0104','DM-MOR8443217 Sky Blue','C01','D01'),('A0104','DM-MOR8443218 Yellow','C01','D01'),('A0104','DM-MOR8443219 Floral Pattern','C01','D01'),('A0104','DM-MOR8443220 Purple','C01','D01'),('A0104','DM-MOR8443221 Orange','C01','D01'),('A0104','DM-MOR8443222 Stripe','C01','D01'),('A0104','DM-MOR8443223 Marine White','C01','D01'),('A0104','DM-MOR8443224 Aqua Blue','C01','D01'),('A0104','DM-MOR8443225 Logo Pattern','C01','D01'),('A0104','DM-MOR8443226 Square Pattern','C01','D01'),('A0104','DM-MOR8443227 Dot Pattern','C01','D01'),('A0101','DM-NB7390312 Black','C01','D01'),('A0101','DM-NB7390313 Dark Grey','C01','D01'),('A0101','DM-NB7390314 Melange Grey','C01','D01'),('A0101','DM-NB7390315 Titan Grey','C01','D01'),('A0101','DM-NB7390316 White','C01','D01'),('A0101','DM-NB7390317 Ivory','C01','D01'),('A0101','DM-NB7390318 Red','C01','D01'),('A0101','DM-NB7390319 Green','C01','D01'),('A0101','DM-NB7390320 Blue','C01','D01'),('A0101','DM-NB7390321 Deep Blue','C01','D01'),('A0101','DM-NB7390322 Navy','C01','D01'),('A0101','DM-NB7390323 Khaki','C01','D01'),('A0101','DM-NB7390324 Sky Blue','C01','D01'),('A0101','DM-NB7390325 Yellow','C01','D01'),('A0101','DM-NB7390326 Floral Pattern','C01','D01'),('A0101','DM-NB7390327 Purple','C01','D01'),('A0101','DM-NB7390328 Orange','C01','D01'),('A0101','DM-NB7390329 Stripe','C01','D01'),('A0101','DM-NB7390330 Marine White','C01','D01'),('A0101','DM-NB7390331 Aqua Blue','C01','D01'),('A0101','DM-NB7390332 Logo Pattern','C01','D01'),('A0101','DM-NB7390333 Square Pattern','C01','D01'),('A0101','DM-NB7390334 Dot Pattern','C01','D01'),('A0202','DTM-ERA5753241 Black','C03','D03'),('A0202','DTM-ERA5753242 Dark Grey','C03','D03'),('A0202','DTM-ERA5753243 Melange Grey','C03','D03'),('A0202','DTM-ERA5753244 Titan Grey','C03','D03'),('A0202','DTM-ERA5753245 White','C03','D03'),('A0202','DTM-ERA5753246 Ivory','C03','D03'),('A0202','DTM-ERA5753247 Red','C03','D03'),('A0202','DTM-ERA5753248 Green','C03','D03'),('A0202','DTM-ERA5753249 Blue','C03','D03'),('A0202','DTM-ERA5753250 Deep Blue','C03','D03'),('A0202','DTM-ERA5753251 Navy','C03','D03'),('A0202','DTM-ERA5753252 Khaki','C03','D03'),('A0202','DTM-ERA5753253 Sky Blue','C03','D03'),('A0202','DTM-ERA5753254 Yellow','C03','D03'),('A0202','DTM-ERA5753255 Floral Pattern','C03','D03'),('A0202','DTM-ERA5753256 Purple','C03','D03'),('A0202','DTM-ERA5753257 Orange','C03','D03'),('A0202','DTM-ERA5753258 Stripe','C03','D03'),('A0202','DTM-ERA5753259 Marine White','C03','D03'),('A0202','DTM-ERA5753260 Aqua Blue','C03','D03'),('A0202','DTM-ERA5753261 Logo Pattern','C03','D03'),('A0202','DTM-ERA5753262 Square Pattern','C03','D03'),('A0202','DTM-ERA5753263 Dot Pattern','C03','D03'),('A0203','DTM-REF5255800 Black','C03','D03'),('A0203','DTM-REF5255801 Dark Grey','C03','D03'),('A0203','DTM-REF5255802 Melange Grey','C03','D03'),('A0203','DTM-REF5255803 Titan Grey','C03','D03'),('A0203','DTM-REF5255804 White','C03','D03'),('A0203','DTM-REF5255805 Ivory','C03','D03'),('A0203','DTM-REF5255806 Red','C03','D03'),('A0203','DTM-REF5255807 Green','C03','D03'),('A0203','DTM-REF5255808 Blue','C03','D03'),('A0203','DTM-REF5255809 Deep Blue','C03','D03'),('A0203','DTM-REF5255810 Navy','C03','D03'),('A0203','DTM-REF5255811 Khaki','C03','D03'),('A0203','DTM-REF5255812 Sky Blue','C03','D03'),('A0203','DTM-REF5255813 Yellow','C03','D03'),('A0203','DTM-REF5255814 Floral Pattern','C03','D03'),('A0203','DTM-REF5255815 Purple','C03','D03'),('A0203','DTM-REF5255816 Orange','C03','D03'),('A0203','DTM-REF5255817 Stripe','C03','D03'),('A0203','DTM-REF5255818 Marine White','C03','D03'),('A0203','DTM-REF5255819 Aqua Blue','C03','D03'),('A0203','DTM-REF5255820 Logo Pattern','C03','D03'),('A0203','DTM-REF5255821 Square Pattern','C03','D03'),('A0203','DTM-REF5255822 Dot Pattern','C03','D03'),('A0102','DWE-CACC9012368 Black','C13','D03'),('A0102','DWE-CACC9012369 Dark Grey','C13','D03'),('A0102','DWE-CACC9012370 Melange Grey','C13','D03'),('A0102','DWE-CACC9012371 Titan Grey','C13','D03'),('A0102','DWE-CACC9012372 White','C13','D03'),('A0102','DWE-CACC9012373 Ivory','C13','D03'),('A0102','DWE-CACC9012374 Red','C13','D03'),('A0102','DWE-CACC9012375 Green','C13','D03'),('A0102','DWE-CACC9012376 Blue','C13','D03'),('A0102','DWE-CACC9012377 Deep Blue','C13','D03'),('A0102','DWE-CACC9012378 Navy','C13','D03'),('A0102','DWE-CACC9012379 Khaki','C13','D03'),('A0102','DWE-CACC9012380 Sky Blue','C13','D03'),('A0102','DWE-CACC9012381 Yellow','C13','D03'),('A0102','DWE-CACC9012382 Floral Pattern','C13','D03'),('A0102','DWE-CACC9012383 Purple','C13','D03'),('A0102','DWE-CACC9012384 Orange','C13','D03'),('A0102','DWE-CACC9012385 Stripe','C13','D03'),('A0102','DWE-CACC9012386 Marine White','C13','D03'),('A0102','DWE-CACC9012387 Aqua Blue','C13','D03'),('A0102','DWE-CACC9012388 Logo Pattern','C13','D03'),('A0102','DWE-CACC9012389 Square Pattern','C13','D03'),('A0102','DWE-CACC9012390 Dot Pattern','C13','D03'),('A0104','DWE-MOR8443067 Black','C13','D03'),('A0104','DWE-MOR8443068 Dark Grey','C13','D03'),('A0104','DWE-MOR8443069 Melange Grey','C13','D03'),('A0104','DWE-MOR8443070 Titan Grey','C13','D03'),('A0104','DWE-MOR8443071 White','C13','D03'),('A0104','DWE-MOR8443072 Ivory','C13','D03'),('A0104','DWE-MOR8443073 Red','C13','D03'),('A0104','DWE-MOR8443074 Green','C13','D03'),('A0104','DWE-MOR8443075 Blue','C13','D03'),('A0104','DWE-MOR8443076 Deep Blue','C13','D03'),('A0104','DWE-MOR8443077 Navy','C13','D03'),('A0104','DWE-MOR8443078 Khaki','C13','D03'),('A0104','DWE-MOR8443079 Sky Blue','C13','D03'),('A0104','DWE-MOR8443080 Yellow','C13','D03'),('A0104','DWE-MOR8443081 Floral Pattern','C13','D03'),('A0104','DWE-MOR8443082 Purple','C13','D03'),('A0104','DWE-MOR8443083 Orange','C13','D03'),('A0104','DWE-MOR8443084 Stripe','C13','D03'),('A0104','DWE-MOR8443085 Marine White','C13','D03'),('A0104','DWE-MOR8443086 Aqua Blue','C13','D03'),('A0104','DWE-MOR8443087 Logo Pattern','C13','D03'),('A0104','DWE-MOR8443088 Square Pattern','C13','D03'),('A0104','DWE-MOR8443089 Dot Pattern','C13','D03'),('A0501','ELLY-PHN2821525 Black','C42','D09'),('A0501','ELLY-PHN2821526 Dark Grey','C42','D09'),('A0501','ELLY-PHN2821527 Melange Grey','C42','D09'),('A0501','ELLY-PHN2821528 Titan Grey','C42','D09'),('A0501','ELLY-PHN2821529 White','C42','D09'),('A0501','ELLY-PHN2821530 Ivory','C42','D09'),('A0501','ELLY-PHN2821531 Red','C42','D09'),('A0501','ELLY-PHN2821532 Green','C42','D09'),('A0501','ELLY-PHN2821533 Blue','C42','D09'),('A0501','ELLY-PHN2821534 Deep Blue','C42','D09'),('A0501','ELLY-PHN2821535 Navy','C42','D09'),('A0501','ELLY-PHN2821536 Khaki','C42','D09'),('A0501','ELLY-PHN2821537 Sky Blue','C42','D09'),('A0501','ELLY-PHN2821538 Yellow','C42','D09'),('A0501','ELLY-PHN2821539 Floral Pattern','C42','D09'),('A0501','ELLY-PHN2821540 Purple','C42','D09'),('A0501','ELLY-PHN2821541 Orange','C42','D09'),('A0501','ELLY-PHN2821542 Stripe','C42','D09'),('A0501','ELLY-PHN2821543 Marine White','C42','D09'),('A0501','ELLY-PHN2821544 Aqua Blue','C42','D09'),('A0501','ELLY-PHN2821545 Logo Pattern','C42','D09'),('A0501','ELLY-PHN2821546 Square Pattern','C42','D09'),('A0501','ELLY-PHN2821547 Dot Pattern','C42','D09'),('A0504','ELLY-PSBOX2962596 Black','C42','D09'),('A0504','ELLY-PSBOX2962597 Dark Grey','C42','D09'),('A0504','ELLY-PSBOX2962598 Melange Grey','C42','D09'),('A0504','ELLY-PSBOX2962599 Titan Grey','C42','D09'),('A0504','ELLY-PSBOX2962600 White','C42','D09'),('A0504','ELLY-PSBOX2962601 Ivory','C42','D09'),('A0504','ELLY-PSBOX2962602 Red','C42','D09'),('A0504','ELLY-PSBOX2962603 Green','C42','D09'),('A0504','ELLY-PSBOX2962604 Blue','C42','D09'),('A0504','ELLY-PSBOX2962605 Deep Blue','C42','D09'),('A0504','ELLY-PSBOX2962606 Navy','C42','D09'),('A0504','ELLY-PSBOX2962607 Khaki','C42','D09'),('A0504','ELLY-PSBOX2962608 Sky Blue','C42','D09'),('A0504','ELLY-PSBOX2962609 Yellow','C42','D09'),('A0504','ELLY-PSBOX2962610 Floral Pattern','C42','D09'),('A0504','ELLY-PSBOX2962611 Purple','C42','D09'),('A0504','ELLY-PSBOX2962612 Orange','C42','D09'),('A0504','ELLY-PSBOX2962613 Stripe','C42','D09'),('A0504','ELLY-PSBOX2962614 Marine White','C42','D09'),('A0504','ELLY-PSBOX2962615 Aqua Blue','C42','D09'),('A0504','ELLY-PSBOX2962616 Logo Pattern','C42','D09'),('A0504','ELLY-PSBOX2962617 Square Pattern','C42','D09'),('A0504','ELLY-PSBOX2962618 Dot Pattern','C42','D09'),('A0102','EML-CACC9012437 Black','C26','D10'),('A0102','EML-CACC9012438 Dark Grey','C26','D10'),('A0102','EML-CACC9012439 Melange Grey','C26','D10'),('A0102','EML-CACC9012440 Titan Grey','C26','D10'),('A0102','EML-CACC9012441 White','C26','D10'),('A0102','EML-CACC9012442 Ivory','C26','D10'),('A0102','EML-CACC9012443 Red','C26','D10'),('A0102','EML-CACC9012444 Green','C26','D10'),('A0102','EML-CACC9012445 Blue','C26','D10'),('A0102','EML-CACC9012446 Deep Blue','C26','D10'),('A0102','EML-CACC9012447 Navy','C26','D10'),('A0102','EML-CACC9012448 Khaki','C26','D10'),('A0102','EML-CACC9012449 Sky Blue','C26','D10'),('A0102','EML-CACC9012450 Yellow','C26','D10'),('A0102','EML-CACC9012451 Floral Pattern','C26','D10'),('A0102','EML-CACC9012452 Purple','C26','D10'),('A0102','EML-CACC9012453 Orange','C26','D10'),('A0102','EML-CACC9012454 Stripe','C26','D10'),('A0102','EML-CACC9012455 Marine White','C26','D10'),('A0102','EML-CACC9012456 Aqua Blue','C26','D10'),('A0102','EML-CACC9012457 Logo Pattern','C26','D10'),('A0102','EML-CACC9012458 Square Pattern','C26','D10'),('A0102','EML-CACC9012459 Dot Pattern','C26','D10'),('A0104','EML-MOR8443159 Black','C26','D10'),('A0104','EML-MOR8443160 Dark Grey','C26','D10'),('A0104','EML-MOR8443161 Melange Grey','C26','D10'),('A0104','EML-MOR8443162 Titan Grey','C26','D10'),('A0104','EML-MOR8443163 White','C26','D10'),('A0104','EML-MOR8443164 Ivory','C26','D10'),('A0104','EML-MOR8443165 Red','C26','D10'),('A0104','EML-MOR8443166 Green','C26','D10'),('A0104','EML-MOR8443167 Blue','C26','D10'),('A0104','EML-MOR8443168 Deep Blue','C26','D10'),('A0104','EML-MOR8443169 Navy','C26','D10'),('A0104','EML-MOR8443170 Khaki','C26','D10'),('A0104','EML-MOR8443171 Sky Blue','C26','D10'),('A0104','EML-MOR8443172 Yellow','C26','D10'),('A0104','EML-MOR8443173 Floral Pattern','C26','D10'),('A0104','EML-MOR8443174 Purple','C26','D10'),('A0104','EML-MOR8443175 Orange','C26','D10'),('A0104','EML-MOR8443176 Stripe','C26','D10'),('A0104','EML-MOR8443177 Marine White','C26','D10'),('A0104','EML-MOR8443178 Aqua Blue','C26','D10'),('A0104','EML-MOR8443179 Logo Pattern','C26','D10'),('A0104','EML-MOR8443180 Square Pattern','C26','D10'),('A0104','EML-MOR8443181 Dot Pattern','C26','D10'),('A0101','FBR-NB7390358 Black','C05','D05'),('A0101','FBR-NB7390359 Dark Grey','C05','D05'),('A0101','FBR-NB7390360 Melange Grey','C05','D05'),('A0101','FBR-NB7390361 Titan Grey','C05','D05'),('A0101','FBR-NB7390362 White','C05','D05'),('A0101','FBR-NB7390363 Ivory','C05','D05'),('A0101','FBR-NB7390364 Red','C05','D05'),('A0101','FBR-NB7390365 Green','C05','D05'),('A0101','FBR-NB7390366 Blue','C05','D05'),('A0101','FBR-NB7390367 Deep Blue','C05','D05'),('A0101','FBR-NB7390368 Navy','C05','D05'),('A0101','FBR-NB7390369 Khaki','C05','D05'),('A0101','FBR-NB7390370 Sky Blue','C05','D05'),('A0101','FBR-NB7390371 Yellow','C05','D05'),('A0101','FBR-NB7390372 Floral Pattern','C05','D05'),('A0101','FBR-NB7390373 Purple','C05','D05'),('A0101','FBR-NB7390374 Orange','C05','D05'),('A0101','FBR-NB7390375 Stripe','C05','D05'),('A0101','FBR-NB7390376 Marine White','C05','D05'),('A0101','FBR-NB7390377 Aqua Blue','C05','D05'),('A0101','FBR-NB7390378 Logo Pattern','C05','D05'),('A0101','FBR-NB7390379 Square Pattern','C05','D05'),('A0101','FBR-NB7390380 Dot Pattern','C05','D05'),('A0104','FX-MOR8443274 Black','C37','D09'),('A0104','FX-MOR8443275 Dark Grey','C37','D09'),('A0104','FX-MOR8443276 Melange Grey','C37','D09'),('A0104','FX-MOR8443277 Titan Grey','C37','D09'),('A0104','FX-MOR8443278 White','C37','D09'),('A0104','FX-MOR8443279 Ivory','C37','D09'),('A0104','FX-MOR8443280 Red','C37','D09'),('A0104','FX-MOR8443281 Green','C37','D09'),('A0104','FX-MOR8443282 Blue','C37','D09'),('A0104','FX-MOR8443283 Deep Blue','C37','D09'),('A0104','FX-MOR8443284 Navy','C37','D09'),('A0104','FX-MOR8443285 Khaki','C37','D09'),('A0104','FX-MOR8443286 Sky Blue','C37','D09'),('A0104','FX-MOR8443287 Yellow','C37','D09'),('A0104','FX-MOR8443288 Floral Pattern','C37','D09'),('A0104','FX-MOR8443289 Purple','C37','D09'),('A0104','FX-MOR8443290 Orange','C37','D09'),('A0104','FX-MOR8443291 Stripe','C37','D09'),('A0104','FX-MOR8443292 Marine White','C37','D09'),('A0104','FX-MOR8443293 Aqua Blue','C37','D09'),('A0104','FX-MOR8443294 Logo Pattern','C37','D09'),('A0104','FX-MOR8443295 Square Pattern','C37','D09'),('A0104','FX-MOR8443296 Dot Pattern','C37','D09'),('A0101','FX-NB7390404 Black','C37','D09'),('A0101','FX-NB7390405 Dark Grey','C37','D09'),('A0101','FX-NB7390406 Melange Grey','C37','D09'),('A0101','FX-NB7390407 Titan Grey','C37','D09'),('A0101','FX-NB7390408 White','C37','D09'),('A0101','FX-NB7390409 Ivory','C37','D09'),('A0101','FX-NB7390410 Red','C37','D09'),('A0101','FX-NB7390411 Green','C37','D09'),('A0101','FX-NB7390412 Blue','C37','D09'),('A0101','FX-NB7390413 Deep Blue','C37','D09'),('A0101','FX-NB7390414 Navy','C37','D09'),('A0101','FX-NB7390415 Khaki','C37','D09'),('A0101','FX-NB7390416 Sky Blue','C37','D09'),('A0101','FX-NB7390417 Yellow','C37','D09'),('A0101','FX-NB7390418 Floral Pattern','C37','D09'),('A0101','FX-NB7390419 Purple','C37','D09'),('A0101','FX-NB7390420 Orange','C37','D09'),('A0101','FX-NB7390421 Stripe','C37','D09'),('A0101','FX-NB7390422 Marine White','C37','D09'),('A0101','FX-NB7390423 Aqua Blue','C37','D09'),('A0101','FX-NB7390424 Logo Pattern','C37','D09'),('A0101','FX-NB7390425 Square Pattern','C37','D09'),('A0101','FX-NB7390426 Dot Pattern','C37','D09'),('A0102','GKD-CACC9012345 Black','C29','D03'),('A0102','GKD-CACC9012346 Dark Grey','C29','D03'),('A0102','GKD-CACC9012347 Melange Grey','C29','D03'),('A0102','GKD-CACC9012348 Titan Grey','C29','D03'),('A0102','GKD-CACC9012349 White','C29','D03'),('A0102','GKD-CACC9012350 Ivory','C29','D03'),('A0102','GKD-CACC9012351 Red','C29','D03'),('A0102','GKD-CACC9012352 Green','C29','D03'),('A0102','GKD-CACC9012353 Blue','C29','D03'),('A0102','GKD-CACC9012354 Deep Blue','C29','D03'),('A0102','GKD-CACC9012355 Navy','C29','D03'),('A0102','GKD-CACC9012356 Khaki','C29','D03'),('A0102','GKD-CACC9012357 Sky Blue','C29','D03'),('A0102','GKD-CACC9012358 Yellow','C29','D03'),('A0102','GKD-CACC9012359 Floral Pattern','C29','D03'),('A0102','GKD-CACC9012360 Purple','C29','D03'),('A0102','GKD-CACC9012361 Orange','C29','D03'),('A0102','GKD-CACC9012362 Stripe','C29','D03'),('A0102','GKD-CACC9012363 Marine White','C29','D03'),('A0102','GKD-CACC9012364 Aqua Blue','C29','D03'),('A0102','GKD-CACC9012365 Logo Pattern','C29','D03'),('A0102','GKD-CACC9012366 Square Pattern','C29','D03'),('A0102','GKD-CACC9012367 Dot Pattern','C29','D03'),('A0104','GKD-MOR8443021 Black','C29','D03'),('A0104','GKD-MOR8443022 Dark Grey','C29','D03'),('A0104','GKD-MOR8443023 Melange Grey','C29','D03'),('A0104','GKD-MOR8443024 Titan Grey','C29','D03'),('A0104','GKD-MOR8443025 White','C29','D03'),('A0104','GKD-MOR8443026 Ivory','C29','D03'),('A0104','GKD-MOR8443027 Red','C29','D03'),('A0104','GKD-MOR8443028 Green','C29','D03'),('A0104','GKD-MOR8443029 Blue','C29','D03'),('A0104','GKD-MOR8443030 Deep Blue','C29','D03'),('A0104','GKD-MOR8443031 Navy','C29','D03'),('A0104','GKD-MOR8443032 Khaki','C29','D03'),('A0104','GKD-MOR8443033 Sky Blue','C29','D03'),('A0104','GKD-MOR8443034 Yellow','C29','D03'),('A0104','GKD-MOR8443035 Floral Pattern','C29','D03'),('A0104','GKD-MOR8443036 Purple','C29','D03'),('A0104','GKD-MOR8443037 Orange','C29','D03'),('A0104','GKD-MOR8443038 Stripe','C29','D03'),('A0104','GKD-MOR8443039 Marine White','C29','D03'),('A0104','GKD-MOR8443040 Aqua Blue','C29','D03'),('A0104','GKD-MOR8443041 Logo Pattern','C29','D03'),('A0104','GKD-MOR8443042 Square Pattern','C29','D03'),('A0104','GKD-MOR8443043 Dot Pattern','C29','D03'),('A0103','GNC-DSKT6810570 Black','C32','D04'),('A0103','GNC-DSKT6810571 Dark Grey','C32','D04'),('A0103','GNC-DSKT6810572 Melange Grey','C32','D04'),('A0103','GNC-DSKT6810573 Titan Grey','C32','D04'),('A0103','GNC-DSKT6810574 White','C32','D04'),('A0103','GNC-DSKT6810575 Ivory','C32','D04'),('A0103','GNC-DSKT6810576 Red','C32','D04'),('A0103','GNC-DSKT6810577 Green','C32','D04'),('A0103','GNC-DSKT6810578 Blue','C32','D04'),('A0103','GNC-DSKT6810579 Deep Blue','C32','D04'),('A0103','GNC-DSKT6810580 Navy','C32','D04'),('A0103','GNC-DSKT6810581 Khaki','C32','D04'),('A0103','GNC-DSKT6810582 Sky Blue','C32','D04'),('A0103','GNC-DSKT6810583 Yellow','C32','D04'),('A0103','GNC-DSKT6810584 Floral Pattern','C32','D04'),('A0103','GNC-DSKT6810585 Purple','C32','D04'),('A0103','GNC-DSKT6810586 Orange','C32','D04'),('A0103','GNC-DSKT6810587 Stripe','C32','D04'),('A0103','GNC-DSKT6810588 Marine White','C32','D04'),('A0103','GNC-DSKT6810589 Aqua Blue','C32','D04'),('A0103','GNC-DSKT6810590 Logo Pattern','C32','D04'),('A0103','GNC-DSKT6810591 Square Pattern','C32','D04'),('A0103','GNC-DSKT6810592 Dot Pattern','C32','D04'),('A0104','GNC-MOR8443228 Black','C32','D04'),('A0104','GNC-MOR8443229 Dark Grey','C32','D04'),('A0104','GNC-MOR8443230 Melange Grey','C32','D04'),('A0104','GNC-MOR8443231 Titan Grey','C32','D04'),('A0104','GNC-MOR8443232 White','C32','D04'),('A0104','GNC-MOR8443233 Ivory','C32','D04'),('A0104','GNC-MOR8443234 Red','C32','D04'),('A0104','GNC-MOR8443235 Green','C32','D04'),('A0104','GNC-MOR8443236 Blue','C32','D04'),('A0104','GNC-MOR8443237 Deep Blue','C32','D04'),('A0104','GNC-MOR8443238 Navy','C32','D04'),('A0104','GNC-MOR8443239 Khaki','C32','D04'),('A0104','GNC-MOR8443240 Sky Blue','C32','D04'),('A0104','GNC-MOR8443241 Yellow','C32','D04'),('A0104','GNC-MOR8443242 Floral Pattern','C32','D04'),('A0104','GNC-MOR8443243 Purple','C32','D04'),('A0104','GNC-MOR8443244 Orange','C32','D04'),('A0104','GNC-MOR8443245 Stripe','C32','D04'),('A0104','GNC-MOR8443246 Marine White','C32','D04'),('A0104','GNC-MOR8443247 Aqua Blue','C32','D04'),('A0104','GNC-MOR8443248 Logo Pattern','C32','D04'),('A0104','GNC-MOR8443249 Square Pattern','C32','D04'),('A0104','GNC-MOR8443250 Dot Pattern','C32','D04'),('A0101','GNC-NB7390335 Black','C32','D04'),('A0101','GNC-NB7390336 Dark Grey','C32','D04'),('A0101','GNC-NB7390337 Melange Grey','C32','D04'),('A0101','GNC-NB7390338 Titan Grey','C32','D04'),('A0101','GNC-NB7390339 White','C32','D04'),('A0101','GNC-NB7390340 Ivory','C32','D04'),('A0101','GNC-NB7390341 Red','C32','D04'),('A0101','GNC-NB7390342 Green','C32','D04'),('A0101','GNC-NB7390343 Blue','C32','D04'),('A0101','GNC-NB7390344 Deep Blue','C32','D04'),('A0101','GNC-NB7390345 Navy','C32','D04'),('A0101','GNC-NB7390346 Khaki','C32','D04'),('A0101','GNC-NB7390347 Sky Blue','C32','D04'),('A0101','GNC-NB7390348 Yellow','C32','D04'),('A0101','GNC-NB7390349 Floral Pattern','C32','D04'),('A0101','GNC-NB7390350 Purple','C32','D04'),('A0101','GNC-NB7390351 Orange','C32','D04'),('A0101','GNC-NB7390352 Stripe','C32','D04'),('A0101','GNC-NB7390353 Marine White','C32','D04'),('A0101','GNC-NB7390354 Aqua Blue','C32','D04'),('A0101','GNC-NB7390355 Logo Pattern','C32','D04'),('A0101','GNC-NB7390356 Square Pattern','C32','D04'),('A0101','GNC-NB7390357 Dot Pattern','C32','D04'),('A0402','GRN-CHE4095589 Black','C11','D01'),('A0402','GRN-CHE4095590 Dark Grey','C11','D01'),('A0402','GRN-CHE4095591 Melange Grey','C11','D01'),('A0402','GRN-CHE4095592 Titan Grey','C11','D01'),('A0402','GRN-CHE4095593 White','C11','D01'),('A0402','GRN-CHE4095594 Ivory','C11','D01'),('A0402','GRN-CHE4095595 Red','C11','D01'),('A0402','GRN-CHE4095596 Green','C11','D01'),('A0402','GRN-CHE4095597 Blue','C11','D01'),('A0402','GRN-CHE4095598 Deep Blue','C11','D01'),('A0402','GRN-CHE4095599 Navy','C11','D01'),('A0402','GRN-CHE4095600 Khaki','C11','D01'),('A0402','GRN-CHE4095601 Sky Blue','C11','D01'),('A0402','GRN-CHE4095602 Yellow','C11','D01'),('A0402','GRN-CHE4095603 Floral Pattern','C11','D01'),('A0402','GRN-CHE4095604 Purple','C11','D01'),('A0402','GRN-CHE4095605 Orange','C11','D01'),('A0402','GRN-CHE4095606 Stripe','C11','D01'),('A0402','GRN-CHE4095607 Marine White','C11','D01'),('A0402','GRN-CHE4095608 Aqua Blue','C11','D01'),('A0402','GRN-CHE4095609 Logo Pattern','C11','D01'),('A0402','GRN-CHE4095610 Square Pattern','C11','D01'),('A0402','GRN-CHE4095611 Dot Pattern','C11','D01'),('A0403','GRN-STL4095635 Black','C11','D01'),('A0403','GRN-STL4095636 Dark Grey','C11','D01'),('A0403','GRN-STL4095637 Melange Grey','C11','D01'),('A0403','GRN-STL4095638 Titan Grey','C11','D01'),('A0403','GRN-STL4095639 White','C11','D01'),('A0403','GRN-STL4095640 Ivory','C11','D01'),('A0403','GRN-STL4095641 Red','C11','D01'),('A0403','GRN-STL4095642 Green','C11','D01'),('A0403','GRN-STL4095643 Blue','C11','D01'),('A0403','GRN-STL4095644 Deep Blue','C11','D01'),('A0403','GRN-STL4095645 Navy','C11','D01'),('A0403','GRN-STL4095646 Khaki','C11','D01'),('A0403','GRN-STL4095647 Sky Blue','C11','D01'),('A0403','GRN-STL4095648 Yellow','C11','D01'),('A0403','GRN-STL4095649 Floral Pattern','C11','D01'),('A0403','GRN-STL4095650 Purple','C11','D01'),('A0403','GRN-STL4095651 Orange','C11','D01'),('A0403','GRN-STL4095652 Stripe','C11','D01'),('A0403','GRN-STL4095653 Marine White','C11','D01'),('A0403','GRN-STL4095654 Aqua Blue','C11','D01'),('A0403','GRN-STL4095655 Logo Pattern','C11','D01'),('A0403','GRN-STL4095656 Square Pattern','C11','D01'),('A0403','GRN-STL4095657 Dot Pattern','C11','D01'),('A0401','GRN-WAS4095428 Black','C46','D04'),('A0401','GRN-WAS4095429 Dark Grey','C46','D04'),('A0401','GRN-WAS4095430 Melange Grey','C46','D04'),('A0401','GRN-WAS4095431 Titan Grey','C46','D04'),('A0401','GRN-WAS4095432 White','C46','D04'),('A0401','GRN-WAS4095433 Ivory','C46','D04'),('A0401','GRN-WAS4095434 Red','C46','D04'),('A0401','GRN-WAS4095435 Green','C46','D04'),('A0401','GRN-WAS4095436 Blue','C46','D04'),('A0401','GRN-WAS4095437 Deep Blue','C46','D04'),('A0401','GRN-WAS4095438 Navy','C46','D04'),('A0401','GRN-WAS4095439 Khaki','C46','D04'),('A0401','GRN-WAS4095440 Sky Blue','C46','D04'),('A0401','GRN-WAS4095441 Yellow','C46','D04'),('A0401','GRN-WAS4095442 Floral Pattern','C46','D04'),('A0401','GRN-WAS4095443 Purple','C46','D04'),('A0401','GRN-WAS4095444 Orange','C46','D04'),('A0401','GRN-WAS4095445 Stripe','C46','D04'),('A0401','GRN-WAS4095446 Marine White','C46','D04'),('A0401','GRN-WAS4095447 Aqua Blue','C46','D04'),('A0401','GRN-WAS4095448 Logo Pattern','C46','D04'),('A0401','GRN-WAS4095449 Square Pattern','C46','D04'),('A0401','GRN-WAS4095450 Dot Pattern','C46','D04'),('A0501','HANS-PHN2821548 Black','C34','D03'),('A0501','HANS-PHN2821549 Dark Grey','C34','D03'),('A0501','HANS-PHN2821550 Melange Grey','C34','D03'),('A0501','HANS-PHN2821551 Titan Grey','C34','D03'),('A0501','HANS-PHN2821552 White','C34','D03'),('A0501','HANS-PHN2821553 Ivory','C34','D03'),('A0501','HANS-PHN2821554 Red','C34','D03'),('A0501','HANS-PHN2821555 Green','C34','D03'),('A0501','HANS-PHN2821556 Blue','C34','D03'),('A0501','HANS-PHN2821557 Deep Blue','C34','D03'),('A0501','HANS-PHN2821558 Navy','C34','D03'),('A0501','HANS-PHN2821559 Khaki','C34','D03'),('A0501','HANS-PHN2821560 Sky Blue','C34','D03'),('A0501','HANS-PHN2821561 Yellow','C34','D03'),('A0501','HANS-PHN2821562 Floral Pattern','C34','D03'),('A0501','HANS-PHN2821563 Purple','C34','D03'),('A0501','HANS-PHN2821564 Orange','C34','D03'),('A0501','HANS-PHN2821565 Stripe','C34','D03'),('A0501','HANS-PHN2821566 Marine White','C34','D03'),('A0501','HANS-PHN2821567 Aqua Blue','C34','D03'),('A0501','HANS-PHN2821568 Logo Pattern','C34','D03'),('A0501','HANS-PHN2821569 Square Pattern','C34','D03'),('A0501','HANS-PHN2821570 Dot Pattern','C34','D03'),('A0504','HANS-PSBOX2962619 Black','C34','D03'),('A0504','HANS-PSBOX2962620 Dark Grey','C34','D03'),('A0504','HANS-PSBOX2962621 Melange Grey','C34','D03'),('A0504','HANS-PSBOX2962622 Titan Grey','C34','D03'),('A0504','HANS-PSBOX2962623 White','C34','D03'),('A0504','HANS-PSBOX2962624 Ivory','C34','D03'),('A0504','HANS-PSBOX2962625 Red','C34','D03'),('A0504','HANS-PSBOX2962626 Green','C34','D03'),('A0504','HANS-PSBOX2962627 Blue','C34','D03'),('A0504','HANS-PSBOX2962628 Deep Blue','C34','D03'),('A0504','HANS-PSBOX2962629 Navy','C34','D03'),('A0504','HANS-PSBOX2962630 Khaki','C34','D03'),('A0504','HANS-PSBOX2962631 Sky Blue','C34','D03'),('A0504','HANS-PSBOX2962632 Yellow','C34','D03'),('A0504','HANS-PSBOX2962633 Floral Pattern','C34','D03'),('A0504','HANS-PSBOX2962634 Purple','C34','D03'),('A0504','HANS-PSBOX2962635 Orange','C34','D03'),('A0504','HANS-PSBOX2962636 Stripe','C34','D03'),('A0504','HANS-PSBOX2962637 Marine White','C34','D03'),('A0504','HANS-PSBOX2962638 Aqua Blue','C34','D03'),('A0504','HANS-PSBOX2962639 Logo Pattern','C34','D03'),('A0504','HANS-PSBOX2962640 Square Pattern','C34','D03'),('A0504','HANS-PSBOX2962641 Dot Pattern','C34','D03'),('A0602','HMAN-AirCL1004629 Black','C52','D10'),('A0602','HMAN-AirCL1004630 Dark Grey','C52','D10'),('A0602','HMAN-AirCL1004631 Melange Grey','C52','D10'),('A0602','HMAN-AirCL1004632 Titan Grey','C52','D10'),('A0602','HMAN-AirCL1004633 White','C52','D10'),('A0602','HMAN-AirCL1004634 Ivory','C52','D10'),('A0602','HMAN-AirCL1004635 Red','C52','D10'),('A0602','HMAN-AirCL1004636 Green','C52','D10'),('A0602','HMAN-AirCL1004637 Blue','C52','D10'),('A0602','HMAN-AirCL1004638 Deep Blue','C52','D10'),('A0602','HMAN-AirCL1004639 Navy','C52','D10'),('A0602','HMAN-AirCL1004640 Khaki','C52','D10'),('A0602','HMAN-AirCL1004641 Sky Blue','C52','D10'),('A0602','HMAN-AirCL1004642 Yellow','C52','D10'),('A0602','HMAN-AirCL1004643 Floral Pattern','C52','D10'),('A0602','HMAN-AirCL1004644 Purple','C52','D10'),('A0602','HMAN-AirCL1004645 Orange','C52','D10'),('A0602','HMAN-AirCL1004646 Stripe','C52','D10'),('A0602','HMAN-AirCL1004647 Marine White','C52','D10'),('A0602','HMAN-AirCL1004648 Aqua Blue','C52','D10'),('A0602','HMAN-AirCL1004649 Logo Pattern','C52','D10'),('A0602','HMAN-AirCL1004650 Square Pattern','C52','D10'),('A0602','HMAN-AirCL1004651 Dot Pattern','C52','D10'),('A0402','HME-CHE4095543 Black','C38','D10'),('A0402','HME-CHE4095544 Dark Grey','C38','D10'),('A0402','HME-CHE4095545 Melange Grey','C38','D10'),('A0402','HME-CHE4095546 Titan Grey','C38','D10'),('A0402','HME-CHE4095547 White','C38','D10'),('A0402','HME-CHE4095548 Ivory','C38','D10'),('A0402','HME-CHE4095549 Red','C38','D10'),('A0402','HME-CHE4095550 Green','C38','D10'),('A0402','HME-CHE4095551 Blue','C38','D10'),('A0402','HME-CHE4095552 Deep Blue','C38','D10'),('A0402','HME-CHE4095553 Navy','C38','D10'),('A0402','HME-CHE4095554 Khaki','C38','D10'),('A0402','HME-CHE4095555 Sky Blue','C38','D10'),('A0402','HME-CHE4095556 Yellow','C38','D10'),('A0402','HME-CHE4095557 Floral Pattern','C38','D10'),('A0402','HME-CHE4095558 Purple','C38','D10'),('A0402','HME-CHE4095559 Orange','C38','D10'),('A0402','HME-CHE4095560 Stripe','C38','D10'),('A0402','HME-CHE4095561 Marine White','C38','D10'),('A0402','HME-CHE4095562 Aqua Blue','C38','D10'),('A0402','HME-CHE4095563 Logo Pattern','C38','D10'),('A0402','HME-CHE4095564 Square Pattern','C38','D10'),('A0402','HME-CHE4095565 Dot Pattern','C38','D10'),('A0403','HME-STL4095612 Black','C38','D10'),('A0403','HME-STL4095613 Dark Grey','C38','D10'),('A0403','HME-STL4095614 Melange Grey','C38','D10'),('A0403','HME-STL4095615 Titan Grey','C38','D10'),('A0403','HME-STL4095616 White','C38','D10'),('A0403','HME-STL4095617 Ivory','C38','D10'),('A0403','HME-STL4095618 Red','C38','D10'),('A0403','HME-STL4095619 Green','C38','D10'),('A0403','HME-STL4095620 Blue','C38','D10'),('A0403','HME-STL4095621 Deep Blue','C38','D10'),('A0403','HME-STL4095622 Navy','C38','D10'),('A0403','HME-STL4095623 Khaki','C38','D10'),('A0403','HME-STL4095624 Sky Blue','C38','D10'),('A0403','HME-STL4095625 Yellow','C38','D10'),('A0403','HME-STL4095626 Floral Pattern','C38','D10'),('A0403','HME-STL4095627 Purple','C38','D10'),('A0403','HME-STL4095628 Orange','C38','D10'),('A0403','HME-STL4095629 Stripe','C38','D10'),('A0403','HME-STL4095630 Marine White','C38','D10'),('A0403','HME-STL4095631 Aqua Blue','C38','D10'),('A0403','HME-STL4095632 Logo Pattern','C38','D10'),('A0403','HME-STL4095633 Square Pattern','C38','D10'),('A0403','HME-STL4095634 Dot Pattern','C38','D10'),('A0604','HODU-DEH1003091 Black','C53','D07'),('A0604','HODU-DEH1003092 Dark Grey','C53','D07'),('A0604','HODU-DEH1003093 Melange Grey','C53','D07'),('A0604','HODU-DEH1003094 Titan Grey','C53','D07'),('A0604','HODU-DEH1003095 White','C53','D07'),('A0604','HODU-DEH1003096 Ivory','C53','D07'),('A0604','HODU-DEH1003097 Red','C53','D07'),('A0604','HODU-DEH1003098 Green','C53','D07'),('A0604','HODU-DEH1003099 Blue','C53','D07'),('A0604','HODU-DEH1003100 Deep Blue','C53','D07'),('A0604','HODU-DEH1003101 Navy','C53','D07'),('A0604','HODU-DEH1003102 Khaki','C53','D07'),('A0604','HODU-DEH1003103 Sky Blue','C53','D07'),('A0604','HODU-DEH1003104 Yellow','C53','D07'),('A0604','HODU-DEH1003105 Floral Pattern','C53','D07'),('A0604','HODU-DEH1003106 Purple','C53','D07'),('A0604','HODU-DEH1003107 Orange','C53','D07'),('A0604','HODU-DEH1003108 Stripe','C53','D07'),('A0604','HODU-DEH1003109 Marine White','C53','D07'),('A0604','HODU-DEH1003110 Aqua Blue','C53','D07'),('A0604','HODU-DEH1003111 Logo Pattern','C53','D07'),('A0604','HODU-DEH1003112 Square Pattern','C53','D07'),('A0604','HODU-DEH1003113 Dot Pattern','C53','D07'),('A0601','HODU-HUM1002024 Black','C53','D07'),('A0601','HODU-HUM1002025 Dark Grey','C53','D07'),('A0601','HODU-HUM1002026 Melange Grey','C53','D07'),('A0601','HODU-HUM1002027 Titan Grey','C53','D07'),('A0601','HODU-HUM1002028 White','C53','D07'),('A0601','HODU-HUM1002029 Ivory','C53','D07'),('A0601','HODU-HUM1002030 Red','C53','D07'),('A0601','HODU-HUM1002031 Green','C53','D07'),('A0601','HODU-HUM1002032 Blue','C53','D07'),('A0601','HODU-HUM1002033 Deep Blue','C53','D07'),('A0601','HODU-HUM1002034 Navy','C53','D07'),('A0601','HODU-HUM1002035 Khaki','C53','D07'),('A0601','HODU-HUM1002036 Sky Blue','C53','D07'),('A0601','HODU-HUM1002037 Yellow','C53','D07'),('A0601','HODU-HUM1002038 Floral Pattern','C53','D07'),('A0601','HODU-HUM1002039 Purple','C53','D07'),('A0601','HODU-HUM1002040 Orange','C53','D07'),('A0601','HODU-HUM1002041 Stripe','C53','D07'),('A0601','HODU-HUM1002042 Marine White','C53','D07'),('A0601','HODU-HUM1002043 Aqua Blue','C53','D07'),('A0601','HODU-HUM1002044 Logo Pattern','C53','D07'),('A0601','HODU-HUM1002045 Square Pattern','C53','D07'),('A0601','HODU-HUM1002046 Dot Pattern','C53','D07'),('A0503','HSC-GPS2327143 Black','C20','D09'),('A0503','HSC-GPS2327144 Dark Grey','C20','D09'),('A0503','HSC-GPS2327145 Melange Grey','C20','D09'),('A0503','HSC-GPS2327146 Titan Grey','C20','D09'),('A0503','HSC-GPS2327147 White','C20','D09'),('A0503','HSC-GPS2327148 Ivory','C20','D09'),('A0503','HSC-GPS2327149 Red','C20','D09'),('A0503','HSC-GPS2327150 Green','C20','D09'),('A0503','HSC-GPS2327151 Blue','C20','D09'),('A0503','HSC-GPS2327152 Deep Blue','C20','D09'),('A0503','HSC-GPS2327153 Navy','C20','D09'),('A0503','HSC-GPS2327154 Khaki','C20','D09'),('A0503','HSC-GPS2327155 Sky Blue','C20','D09'),('A0503','HSC-GPS2327156 Yellow','C20','D09'),('A0503','HSC-GPS2327157 Floral Pattern','C20','D09'),('A0503','HSC-GPS2327158 Purple','C20','D09'),('A0503','HSC-GPS2327159 Orange','C20','D09'),('A0503','HSC-GPS2327160 Stripe','C20','D09'),('A0503','HSC-GPS2327161 Marine White','C20','D09'),('A0503','HSC-GPS2327162 Aqua Blue','C20','D09'),('A0503','HSC-GPS2327163 Logo Pattern','C20','D09'),('A0503','HSC-GPS2327164 Square Pattern','C20','D09'),('A0503','HSC-GPS2327165 Dot Pattern','C20','D09'),('A0308','INL-GRL5753402 Black','C18','D04'),('A0308','INL-GRL5753403 Dark Grey','C18','D04'),('A0308','INL-GRL5753404 Melange Grey','C18','D04'),('A0308','INL-GRL5753405 Titan Grey','C18','D04'),('A0308','INL-GRL5753406 White','C18','D04'),('A0308','INL-GRL5753407 Ivory','C18','D04'),('A0308','INL-GRL5753408 Red','C18','D04'),('A0308','INL-GRL5753409 Green','C18','D04'),('A0308','INL-GRL5753410 Blue','C18','D04'),('A0308','INL-GRL5753411 Deep Blue','C18','D04'),('A0308','INL-GRL5753412 Navy','C18','D04'),('A0308','INL-GRL5753413 Khaki','C18','D04'),('A0308','INL-GRL5753414 Sky Blue','C18','D04'),('A0308','INL-GRL5753415 Yellow','C18','D04'),('A0308','INL-GRL5753416 Floral Pattern','C18','D04'),('A0308','INL-GRL5753417 Purple','C18','D04'),('A0308','INL-GRL5753418 Orange','C18','D04'),('A0308','INL-GRL5753419 Stripe','C18','D04'),('A0308','INL-GRL5753420 Marine White','C18','D04'),('A0308','INL-GRL5753421 Aqua Blue','C18','D04'),('A0308','INL-GRL5753422 Logo Pattern','C18','D04'),('A0308','INL-GRL5753423 Square Pattern','C18','D04'),('A0308','INL-GRL5753424 Dot Pattern','C18','D04'),('A0203','INL-REF5255869 Black','C18','D04'),('A0203','INL-REF5255870 Dark Grey','C18','D04'),('A0203','INL-REF5255871 Melange Grey','C18','D04'),('A0203','INL-REF5255872 Titan Grey','C18','D04'),('A0203','INL-REF5255873 White','C18','D04'),('A0203','INL-REF5255874 Ivory','C18','D04'),('A0203','INL-REF5255875 Red','C18','D04'),('A0203','INL-REF5255876 Green','C18','D04'),('A0203','INL-REF5255877 Blue','C18','D04'),('A0203','INL-REF5255878 Deep Blue','C18','D04'),('A0203','INL-REF5255879 Navy','C18','D04'),('A0203','INL-REF5255880 Khaki','C18','D04'),('A0203','INL-REF5255881 Sky Blue','C18','D04'),('A0203','INL-REF5255882 Yellow','C18','D04'),('A0203','INL-REF5255883 Floral Pattern','C18','D04'),('A0203','INL-REF5255884 Purple','C18','D04'),('A0203','INL-REF5255885 Orange','C18','D04'),('A0203','INL-REF5255886 Stripe','C18','D04'),('A0203','INL-REF5255887 Marine White','C18','D04'),('A0203','INL-REF5255888 Aqua Blue','C18','D04'),('A0203','INL-REF5255889 Logo Pattern','C18','D04'),('A0203','INL-REF5255890 Square Pattern','C18','D04'),('A0203','INL-REF5255891 Dot Pattern','C18','D04'),('A0602','J-TECH-AirCL1004606 Black','C47','D01'),('A0602','J-TECH-AirCL1004607 Dark Grey','C47','D01'),('A0602','J-TECH-AirCL1004608 Melange Grey','C47','D01'),('A0602','J-TECH-AirCL1004609 Titan Grey','C47','D01'),('A0602','J-TECH-AirCL1004610 White','C47','D01'),('A0602','J-TECH-AirCL1004611 Ivory','C47','D01'),('A0602','J-TECH-AirCL1004612 Red','C47','D01'),('A0602','J-TECH-AirCL1004613 Green','C47','D01'),('A0602','J-TECH-AirCL1004614 Blue','C47','D01'),('A0602','J-TECH-AirCL1004615 Deep Blue','C47','D01'),('A0602','J-TECH-AirCL1004616 Navy','C47','D01'),('A0602','J-TECH-AirCL1004617 Khaki','C47','D01'),('A0602','J-TECH-AirCL1004618 Sky Blue','C47','D01'),('A0602','J-TECH-AirCL1004619 Yellow','C47','D01'),('A0602','J-TECH-AirCL1004620 Floral Pattern','C47','D01'),('A0602','J-TECH-AirCL1004621 Purple','C47','D01'),('A0602','J-TECH-AirCL1004622 Orange','C47','D01'),('A0602','J-TECH-AirCL1004623 Stripe','C47','D01'),('A0602','J-TECH-AirCL1004624 Marine White','C47','D01'),('A0602','J-TECH-AirCL1004625 Aqua Blue','C47','D01'),('A0602','J-TECH-AirCL1004626 Logo Pattern','C47','D01'),('A0602','J-TECH-AirCL1004627 Square Pattern','C47','D01'),('A0602','J-TECH-AirCL1004628 Dot Pattern','C47','D01'),('A0102','KAP-CACC9012506 Black','C16','D09'),('A0102','KAP-CACC9012507 Dark Grey','C16','D09'),('A0102','KAP-CACC9012508 Melange Grey','C16','D09'),('A0102','KAP-CACC9012509 Titan Grey','C16','D09'),('A0102','KAP-CACC9012510 White','C16','D09'),('A0102','KAP-CACC9012511 Ivory','C16','D09'),('A0102','KAP-CACC9012512 Red','C16','D09'),('A0102','KAP-CACC9012513 Green','C16','D09'),('A0102','KAP-CACC9012514 Blue','C16','D09'),('A0102','KAP-CACC9012515 Deep Blue','C16','D09'),('A0102','KAP-CACC9012516 Navy','C16','D09'),('A0102','KAP-CACC9012517 Khaki','C16','D09'),('A0102','KAP-CACC9012518 Sky Blue','C16','D09'),('A0102','KAP-CACC9012519 Yellow','C16','D09'),('A0102','KAP-CACC9012520 Floral Pattern','C16','D09'),('A0102','KAP-CACC9012521 Purple','C16','D09'),('A0102','KAP-CACC9012522 Orange','C16','D09'),('A0102','KAP-CACC9012523 Stripe','C16','D09'),('A0102','KAP-CACC9012524 Marine White','C16','D09'),('A0102','KAP-CACC9012525 Aqua Blue','C16','D09'),('A0102','KAP-CACC9012526 Logo Pattern','C16','D09'),('A0102','KAP-CACC9012527 Square Pattern','C16','D09'),('A0102','KAP-CACC9012528 Dot Pattern','C16','D09'),('A0104','KAP-MOR8443251 Black','C16','D09'),('A0104','KAP-MOR8443252 Dark Grey','C16','D09'),('A0104','KAP-MOR8443253 Melange Grey','C16','D09'),('A0104','KAP-MOR8443254 Titan Grey','C16','D09'),('A0104','KAP-MOR8443255 White','C16','D09'),('A0104','KAP-MOR8443256 Ivory','C16','D09'),('A0104','KAP-MOR8443257 Red','C16','D09'),('A0104','KAP-MOR8443258 Green','C16','D09'),('A0104','KAP-MOR8443259 Blue','C16','D09'),('A0104','KAP-MOR8443260 Deep Blue','C16','D09'),('A0104','KAP-MOR8443261 Navy','C16','D09'),('A0104','KAP-MOR8443262 Khaki','C16','D09'),('A0104','KAP-MOR8443263 Sky Blue','C16','D09'),('A0104','KAP-MOR8443264 Yellow','C16','D09'),('A0104','KAP-MOR8443265 Floral Pattern','C16','D09'),('A0104','KAP-MOR8443266 Purple','C16','D09'),('A0104','KAP-MOR8443267 Orange','C16','D09'),('A0104','KAP-MOR8443268 Stripe','C16','D09'),('A0104','KAP-MOR8443269 Marine White','C16','D09'),('A0104','KAP-MOR8443270 Aqua Blue','C16','D09'),('A0104','KAP-MOR8443271 Logo Pattern','C16','D09'),('A0104','KAP-MOR8443272 Square Pattern','C16','D09'),('A0104','KAP-MOR8443273 Dot Pattern','C16','D09'),('A0306','KK-BEA2529831 Black','C33','D03'),('A0306','KK-BEA2529832 Dark Grey','C33','D03'),('A0306','KK-BEA2529833 Melange Grey','C33','D03'),('A0306','KK-BEA2529834 Titan Grey','C33','D03'),('A0306','KK-BEA2529835 White','C33','D03'),('A0306','KK-BEA2529836 Ivory','C33','D03'),('A0306','KK-BEA2529837 Red','C33','D03'),('A0306','KK-BEA2529838 Green','C33','D03'),('A0306','KK-BEA2529839 Blue','C33','D03'),('A0306','KK-BEA2529840 Deep Blue','C33','D03'),('A0306','KK-BEA2529841 Navy','C33','D03'),('A0306','KK-BEA2529842 Khaki','C33','D03'),('A0306','KK-BEA2529843 Sky Blue','C33','D03'),('A0306','KK-BEA2529844 Yellow','C33','D03'),('A0306','KK-BEA2529845 Floral Pattern','C33','D03'),('A0306','KK-BEA2529846 Purple','C33','D03'),('A0306','KK-BEA2529847 Orange','C33','D03'),('A0306','KK-BEA2529848 Stripe','C33','D03'),('A0306','KK-BEA2529849 Marine White','C33','D03'),('A0306','KK-BEA2529850 Aqua Blue','C33','D03'),('A0306','KK-BEA2529851 Logo Pattern','C33','D03'),('A0306','KK-BEA2529852 Square Pattern','C33','D03'),('A0306','KK-BEA2529853 Dot Pattern','C33','D03'),('A0401','KKA-WAS4095474 Black','C09','D04'),('A0401','KKA-WAS4095475 Dark Grey','C09','D04'),('A0401','KKA-WAS4095476 Melange Grey','C09','D04'),('A0401','KKA-WAS4095477 Titan Grey','C09','D04'),('A0401','KKA-WAS4095478 White','C09','D04'),('A0401','KKA-WAS4095479 Ivory','C09','D04'),('A0401','KKA-WAS4095480 Red','C09','D04'),('A0401','KKA-WAS4095481 Green','C09','D04'),('A0401','KKA-WAS4095482 Blue','C09','D04'),('A0401','KKA-WAS4095483 Deep Blue','C09','D04'),('A0401','KKA-WAS4095484 Navy','C09','D04'),('A0401','KKA-WAS4095485 Khaki','C09','D04'),('A0401','KKA-WAS4095486 Sky Blue','C09','D04'),('A0401','KKA-WAS4095487 Yellow','C09','D04'),('A0401','KKA-WAS4095488 Floral Pattern','C09','D04'),('A0401','KKA-WAS4095489 Purple','C09','D04'),('A0401','KKA-WAS4095490 Orange','C09','D04'),('A0401','KKA-WAS4095491 Stripe','C09','D04'),('A0401','KKA-WAS4095492 Marine White','C09','D04'),('A0401','KKA-WAS4095493 Aqua Blue','C09','D04'),('A0401','KKA-WAS4095494 Logo Pattern','C09','D04'),('A0401','KKA-WAS4095495 Square Pattern','C09','D04'),('A0401','KKA-WAS4095496 Dot Pattern','C09','D04'),('A0501','KSC-PHN2821571 Black','C20','D09'),('A0501','KSC-PHN2821572 Dark Grey','C20','D09'),('A0501','KSC-PHN2821573 Melange Grey','C20','D09'),('A0501','KSC-PHN2821574 Titan Grey','C20','D09'),('A0501','KSC-PHN2821575 White','C20','D09'),('A0501','KSC-PHN2821576 Ivory','C20','D09'),('A0501','KSC-PHN2821577 Red','C20','D09'),('A0501','KSC-PHN2821578 Green','C20','D09'),('A0501','KSC-PHN2821579 Blue','C20','D09'),('A0501','KSC-PHN2821580 Deep Blue','C20','D09'),('A0501','KSC-PHN2821581 Navy','C20','D09'),('A0501','KSC-PHN2821582 Khaki','C20','D09'),('A0501','KSC-PHN2821583 Sky Blue','C20','D09'),('A0501','KSC-PHN2821584 Yellow','C20','D09'),('A0501','KSC-PHN2821585 Floral Pattern','C20','D09'),('A0501','KSC-PHN2821586 Purple','C20','D09'),('A0501','KSC-PHN2821587 Orange','C20','D09'),('A0501','KSC-PHN2821588 Stripe','C20','D09'),('A0501','KSC-PHN2821589 Marine White','C20','D09'),('A0501','KSC-PHN2821590 Aqua Blue','C20','D09'),('A0501','KSC-PHN2821591 Logo Pattern','C20','D09'),('A0501','KSC-PHN2821592 Square Pattern','C20','D09'),('A0501','KSC-PHN2821593 Dot Pattern','C20','D09'),('A0308','MCTT-GRL5753471 Black','C12','D03'),('A0308','MCTT-GRL5753472 Dark Grey','C12','D03'),('A0308','MCTT-GRL5753473 Melange Grey','C12','D03'),('A0308','MCTT-GRL5753474 Titan Grey','C12','D03'),('A0308','MCTT-GRL5753475 White','C12','D03'),('A0308','MCTT-GRL5753476 Ivory','C12','D03'),('A0308','MCTT-GRL5753477 Red','C12','D03'),('A0308','MCTT-GRL5753478 Green','C12','D03'),('A0308','MCTT-GRL5753479 Blue','C12','D03'),('A0308','MCTT-GRL5753480 Deep Blue','C12','D03'),('A0308','MCTT-GRL5753481 Navy','C12','D03'),('A0308','MCTT-GRL5753482 Khaki','C12','D03'),('A0308','MCTT-GRL5753483 Sky Blue','C12','D03'),('A0308','MCTT-GRL5753484 Yellow','C12','D03'),('A0308','MCTT-GRL5753485 Floral Pattern','C12','D03'),('A0308','MCTT-GRL5753486 Purple','C12','D03'),('A0308','MCTT-GRL5753487 Orange','C12','D03'),('A0308','MCTT-GRL5753488 Stripe','C12','D03'),('A0308','MCTT-GRL5753489 Marine White','C12','D03'),('A0308','MCTT-GRL5753490 Aqua Blue','C12','D03'),('A0308','MCTT-GRL5753491 Logo Pattern','C12','D03'),('A0308','MCTT-GRL5753492 Square Pattern','C12','D03'),('A0308','MCTT-GRL5753493 Dot Pattern','C12','D03'),('A0201','MCTT-IN5753356 Black','C12','D03'),('A0201','MCTT-IN5753357 Dark Grey','C12','D03'),('A0201','MCTT-IN5753358 Melange Grey','C12','D03'),('A0201','MCTT-IN5753359 Titan Grey','C12','D03'),('A0201','MCTT-IN5753360 White','C12','D03'),('A0201','MCTT-IN5753361 Ivory','C12','D03'),('A0201','MCTT-IN5753362 Red','C12','D03'),('A0201','MCTT-IN5753363 Green','C12','D03'),('A0201','MCTT-IN5753364 Blue','C12','D03'),('A0201','MCTT-IN5753365 Deep Blue','C12','D03'),('A0201','MCTT-IN5753366 Navy','C12','D03'),('A0201','MCTT-IN5753367 Khaki','C12','D03'),('A0201','MCTT-IN5753368 Sky Blue','C12','D03'),('A0201','MCTT-IN5753369 Yellow','C12','D03'),('A0201','MCTT-IN5753370 Floral Pattern','C12','D03'),('A0201','MCTT-IN5753371 Purple','C12','D03'),('A0201','MCTT-IN5753372 Orange','C12','D03'),('A0201','MCTT-IN5753373 Stripe','C12','D03'),('A0201','MCTT-IN5753374 Marine White','C12','D03'),('A0201','MCTT-IN5753375 Aqua Blue','C12','D03'),('A0201','MCTT-IN5753376 Logo Pattern','C12','D03'),('A0201','MCTT-IN5753377 Square Pattern','C12','D03'),('A0201','MCTT-IN5753378 Dot Pattern','C12','D03'),('A0203','MCTT-REF5255846 Black','C12','D03'),('A0203','MCTT-REF5255847 Dark Grey','C12','D03'),('A0203','MCTT-REF5255848 Melange Grey','C12','D03'),('A0203','MCTT-REF5255849 Titan Grey','C12','D03'),('A0203','MCTT-REF5255850 White','C12','D03'),('A0203','MCTT-REF5255851 Ivory','C12','D03'),('A0203','MCTT-REF5255852 Red','C12','D03'),('A0203','MCTT-REF5255853 Green','C12','D03'),('A0203','MCTT-REF5255854 Blue','C12','D03'),('A0203','MCTT-REF5255855 Deep Blue','C12','D03'),('A0203','MCTT-REF5255856 Navy','C12','D03'),('A0203','MCTT-REF5255857 Khaki','C12','D03'),('A0203','MCTT-REF5255858 Sky Blue','C12','D03'),('A0203','MCTT-REF5255859 Yellow','C12','D03'),('A0203','MCTT-REF5255860 Floral Pattern','C12','D03'),('A0203','MCTT-REF5255861 Purple','C12','D03'),('A0203','MCTT-REF5255862 Orange','C12','D03'),('A0203','MCTT-REF5255863 Stripe','C12','D03'),('A0203','MCTT-REF5255864 Marine White','C12','D03'),('A0203','MCTT-REF5255865 Aqua Blue','C12','D03'),('A0203','MCTT-REF5255866 Logo Pattern','C12','D03'),('A0203','MCTT-REF5255867 Square Pattern','C12','D03'),('A0203','MCTT-REF5255868 Dot Pattern','C12','D03'),('A0102','MG-CACC9012391 Black','C22','D01'),('A0102','MG-CACC9012392 Dark Grey','C22','D01'),('A0102','MG-CACC9012393 Melange Grey','C22','D01'),('A0102','MG-CACC9012394 Titan Grey','C22','D01'),('A0102','MG-CACC9012395 White','C22','D01'),('A0102','MG-CACC9012396 Ivory','C22','D01'),('A0102','MG-CACC9012397 Red','C22','D01'),('A0102','MG-CACC9012398 Green','C22','D01'),('A0102','MG-CACC9012399 Blue','C22','D01'),('A0102','MG-CACC9012400 Deep Blue','C22','D01'),('A0102','MG-CACC9012401 Navy','C22','D01'),('A0102','MG-CACC9012402 Khaki','C22','D01'),('A0102','MG-CACC9012403 Sky Blue','C22','D01'),('A0102','MG-CACC9012404 Yellow','C22','D01'),('A0102','MG-CACC9012405 Floral Pattern','C22','D01'),('A0102','MG-CACC9012406 Purple','C22','D01'),('A0102','MG-CACC9012407 Orange','C22','D01'),('A0102','MG-CACC9012408 Stripe','C22','D01'),('A0102','MG-CACC9012409 Marine White','C22','D01'),('A0102','MG-CACC9012410 Aqua Blue','C22','D01'),('A0102','MG-CACC9012411 Logo Pattern','C22','D01'),('A0102','MG-CACC9012412 Square Pattern','C22','D01'),('A0102','MG-CACC9012413 Dot Pattern','C22','D01'),('A0104','MG-MOR8443090 Black','C22','D01'),('A0104','MG-MOR8443091 Dark Grey','C22','D01'),('A0104','MG-MOR8443092 Melange Grey','C22','D01'),('A0104','MG-MOR8443093 Titan Grey','C22','D01'),('A0104','MG-MOR8443094 White','C22','D01'),('A0104','MG-MOR8443095 Ivory','C22','D01'),('A0104','MG-MOR8443096 Red','C22','D01'),('A0104','MG-MOR8443097 Green','C22','D01'),('A0104','MG-MOR8443098 Blue','C22','D01'),('A0104','MG-MOR8443099 Deep Blue','C22','D01'),('A0104','MG-MOR8443100 Navy','C22','D01'),('A0104','MG-MOR8443101 Khaki','C22','D01'),('A0104','MG-MOR8443102 Sky Blue','C22','D01'),('A0104','MG-MOR8443103 Yellow','C22','D01'),('A0104','MG-MOR8443104 Floral Pattern','C22','D01'),('A0104','MG-MOR8443105 Purple','C22','D01'),('A0104','MG-MOR8443106 Orange','C22','D01'),('A0104','MG-MOR8443107 Stripe','C22','D01'),('A0104','MG-MOR8443108 Marine White','C22','D01'),('A0104','MG-MOR8443109 Aqua Blue','C22','D01'),('A0104','MG-MOR8443110 Logo Pattern','C22','D01'),('A0104','MG-MOR8443111 Square Pattern','C22','D01'),('A0104','MG-MOR8443112 Dot Pattern','C22','D01'),('A0401','MID-WAS4095497 Black','C17','D03'),('A0401','MID-WAS4095498 Dark Grey','C17','D03'),('A0401','MID-WAS4095499 Melange Grey','C17','D03'),('A0401','MID-WAS4095500 Titan Grey','C17','D03'),('A0401','MID-WAS4095501 White','C17','D03'),('A0401','MID-WAS4095502 Ivory','C17','D03'),('A0401','MID-WAS4095503 Red','C17','D03'),('A0401','MID-WAS4095504 Green','C17','D03'),('A0401','MID-WAS4095505 Blue','C17','D03'),('A0401','MID-WAS4095506 Deep Blue','C17','D03'),('A0401','MID-WAS4095507 Navy','C17','D03'),('A0401','MID-WAS4095508 Khaki','C17','D03'),('A0401','MID-WAS4095509 Sky Blue','C17','D03'),('A0401','MID-WAS4095510 Yellow','C17','D03'),('A0401','MID-WAS4095511 Floral Pattern','C17','D03'),('A0401','MID-WAS4095512 Purple','C17','D03'),('A0401','MID-WAS4095513 Orange','C17','D03'),('A0401','MID-WAS4095514 Stripe','C17','D03'),('A0401','MID-WAS4095515 Marine White','C17','D03'),('A0401','MID-WAS4095516 Aqua Blue','C17','D03'),('A0401','MID-WAS4095517 Logo Pattern','C17','D03'),('A0401','MID-WAS4095518 Square Pattern','C17','D03'),('A0401','MID-WAS4095519 Dot Pattern','C17','D03'),('A0302','MNM-CL3339221 Black','C45','D07'),('A0302','MNM-CL3339222 Dark Grey','C45','D07'),('A0302','MNM-CL3339223 Melange Grey','C45','D07'),('A0302','MNM-CL3339224 Titan Grey','C45','D07'),('A0302','MNM-CL3339225 White','C45','D07'),('A0302','MNM-CL3339226 Ivory','C45','D07'),('A0302','MNM-CL3339227 Red','C45','D07'),('A0302','MNM-CL3339228 Green','C45','D07'),('A0302','MNM-CL3339229 Blue','C45','D07'),('A0302','MNM-CL3339230 Deep Blue','C45','D07'),('A0302','MNM-CL3339231 Navy','C45','D07'),('A0302','MNM-CL3339232 Khaki','C45','D07'),('A0302','MNM-CL3339233 Sky Blue','C45','D07'),('A0302','MNM-CL3339234 Yellow','C45','D07'),('A0302','MNM-CL3339235 Floral Pattern','C45','D07'),('A0302','MNM-CL3339236 Purple','C45','D07'),('A0302','MNM-CL3339237 Orange','C45','D07'),('A0302','MNM-CL3339238 Stripe','C45','D07'),('A0302','MNM-CL3339239 Marine White','C45','D07'),('A0302','MNM-CL3339240 Aqua Blue','C45','D07'),('A0302','MNM-CL3339241 Logo Pattern','C45','D07'),('A0302','MNM-CL3339242 Square Pattern','C45','D07'),('A0302','MNM-CL3339243 Dot Pattern','C45','D07'),('A0308','NBK-GRL5753425 Black','C02','D02'),('A0308','NBK-GRL5753426 Dark Grey','C02','D02'),('A0308','NBK-GRL5753427 Melange Grey','C02','D02'),('A0308','NBK-GRL5753428 Titan Grey','C02','D02'),('A0308','NBK-GRL5753429 White','C02','D02'),('A0308','NBK-GRL5753430 Ivory','C02','D02'),('A0308','NBK-GRL5753431 Red','C02','D02'),('A0308','NBK-GRL5753432 Green','C02','D02'),('A0308','NBK-GRL5753433 Blue','C02','D02'),('A0308','NBK-GRL5753434 Deep Blue','C02','D02'),('A0308','NBK-GRL5753435 Navy','C02','D02'),('A0308','NBK-GRL5753436 Khaki','C02','D02'),('A0308','NBK-GRL5753437 Sky Blue','C02','D02'),('A0308','NBK-GRL5753438 Yellow','C02','D02'),('A0308','NBK-GRL5753439 Floral Pattern','C02','D02'),('A0308','NBK-GRL5753440 Purple','C02','D02'),('A0308','NBK-GRL5753441 Orange','C02','D02'),('A0308','NBK-GRL5753442 Stripe','C02','D02'),('A0308','NBK-GRL5753443 Marine White','C02','D02'),('A0308','NBK-GRL5753444 Aqua Blue','C02','D02'),('A0308','NBK-GRL5753445 Logo Pattern','C02','D02'),('A0308','NBK-GRL5753446 Square Pattern','C02','D02'),('A0308','NBK-GRL5753447 Dot Pattern','C02','D02'),('A0201','NBK-IN5753310 Black','C02','D02'),('A0201','NBK-IN5753311 Dark Grey','C02','D02'),('A0201','NBK-IN5753312 Melange Grey','C02','D02'),('A0201','NBK-IN5753313 Titan Grey','C02','D02'),('A0201','NBK-IN5753314 White','C02','D02'),('A0201','NBK-IN5753315 Ivory','C02','D02'),('A0201','NBK-IN5753316 Red','C02','D02'),('A0201','NBK-IN5753317 Green','C02','D02'),('A0201','NBK-IN5753318 Blue','C02','D02'),('A0201','NBK-IN5753319 Deep Blue','C02','D02'),('A0201','NBK-IN5753320 Navy','C02','D02'),('A0201','NBK-IN5753321 Khaki','C02','D02'),('A0201','NBK-IN5753322 Sky Blue','C02','D02'),('A0201','NBK-IN5753323 Yellow','C02','D02'),('A0201','NBK-IN5753324 Floral Pattern','C02','D02'),('A0201','NBK-IN5753325 Purple','C02','D02'),('A0201','NBK-IN5753326 Orange','C02','D02'),('A0201','NBK-IN5753327 Stripe','C02','D02'),('A0201','NBK-IN5753328 Marine White','C02','D02'),('A0201','NBK-IN5753329 Aqua Blue','C02','D02'),('A0201','NBK-IN5753330 Logo Pattern','C02','D02'),('A0201','NBK-IN5753331 Square Pattern','C02','D02'),('A0201','NBK-IN5753332 Dot Pattern','C02','D02'),('A0203','NBK-REF5255754 Black','C02','D02'),('A0203','NBK-REF5255755 Dark Grey','C02','D02'),('A0203','NBK-REF5255756 Melange Grey','C02','D02'),('A0203','NBK-REF5255757 Titan Grey','C02','D02'),('A0203','NBK-REF5255758 White','C02','D02'),('A0203','NBK-REF5255759 Ivory','C02','D02'),('A0203','NBK-REF5255760 Red','C02','D02'),('A0203','NBK-REF5255761 Green','C02','D02'),('A0203','NBK-REF5255762 Blue','C02','D02'),('A0203','NBK-REF5255763 Deep Blue','C02','D02'),('A0203','NBK-REF5255764 Navy','C02','D02'),('A0203','NBK-REF5255765 Khaki','C02','D02'),('A0203','NBK-REF5255766 Sky Blue','C02','D02'),('A0203','NBK-REF5255767 Yellow','C02','D02'),('A0203','NBK-REF5255768 Floral Pattern','C02','D02'),('A0203','NBK-REF5255769 Purple','C02','D02'),('A0203','NBK-REF5255770 Orange','C02','D02'),('A0203','NBK-REF5255771 Stripe','C02','D02'),('A0203','NBK-REF5255772 Marine White','C02','D02'),('A0203','NBK-REF5255773 Aqua Blue','C02','D02'),('A0203','NBK-REF5255774 Logo Pattern','C02','D02'),('A0203','NBK-REF5255775 Square Pattern','C02','D02'),('A0203','NBK-REF5255776 Dot Pattern','C02','D02'),('A0308','NYS-GRL5753448 Black','C14','D01'),('A0308','NYS-GRL5753449 Dark Grey','C14','D01'),('A0308','NYS-GRL5753450 Melange Grey','C14','D01'),('A0308','NYS-GRL5753451 Titan Grey','C14','D01'),('A0308','NYS-GRL5753452 White','C14','D01'),('A0308','NYS-GRL5753453 Ivory','C14','D01'),('A0308','NYS-GRL5753454 Red','C14','D01'),('A0308','NYS-GRL5753455 Green','C14','D01'),('A0308','NYS-GRL5753456 Blue','C14','D01'),('A0308','NYS-GRL5753457 Deep Blue','C14','D01'),('A0308','NYS-GRL5753458 Navy','C14','D01'),('A0308','NYS-GRL5753459 Khaki','C14','D01'),('A0308','NYS-GRL5753460 Sky Blue','C14','D01'),('A0308','NYS-GRL5753461 Yellow','C14','D01'),('A0308','NYS-GRL5753462 Floral Pattern','C14','D01'),('A0308','NYS-GRL5753463 Purple','C14','D01'),('A0308','NYS-GRL5753464 Orange','C14','D01'),('A0308','NYS-GRL5753465 Stripe','C14','D01'),('A0308','NYS-GRL5753466 Marine White','C14','D01'),('A0308','NYS-GRL5753467 Aqua Blue','C14','D01'),('A0308','NYS-GRL5753468 Logo Pattern','C14','D01'),('A0308','NYS-GRL5753469 Square Pattern','C14','D01'),('A0308','NYS-GRL5753470 Dot Pattern','C14','D01'),('A0201','NYS-IN5753333 Black','C14','D01'),('A0201','NYS-IN5753334 Dark Grey','C14','D01'),('A0201','NYS-IN5753335 Melange Grey','C14','D01'),('A0201','NYS-IN5753336 Titan Grey','C14','D01'),('A0201','NYS-IN5753337 White','C14','D01'),('A0201','NYS-IN5753338 Ivory','C14','D01'),('A0201','NYS-IN5753339 Red','C14','D01'),('A0201','NYS-IN5753340 Green','C14','D01'),('A0201','NYS-IN5753341 Blue','C14','D01'),('A0201','NYS-IN5753342 Deep Blue','C14','D01'),('A0201','NYS-IN5753343 Navy','C14','D01'),('A0201','NYS-IN5753344 Khaki','C14','D01'),('A0201','NYS-IN5753345 Sky Blue','C14','D01'),('A0201','NYS-IN5753346 Yellow','C14','D01'),('A0201','NYS-IN5753347 Floral Pattern','C14','D01'),('A0201','NYS-IN5753348 Purple','C14','D01'),('A0201','NYS-IN5753349 Orange','C14','D01'),('A0201','NYS-IN5753350 Stripe','C14','D01'),('A0201','NYS-IN5753351 Marine White','C14','D01'),('A0201','NYS-IN5753352 Aqua Blue','C14','D01'),('A0201','NYS-IN5753353 Logo Pattern','C14','D01'),('A0201','NYS-IN5753354 Square Pattern','C14','D01'),('A0201','NYS-IN5753355 Dot Pattern','C14','D01'),('A0303','NYS-MIX3339290 Black','C14','D01'),('A0303','NYS-MIX3339291 Dark Grey','C14','D01'),('A0303','NYS-MIX3339292 Melange Grey','C14','D01'),('A0303','NYS-MIX3339293 Titan Grey','C14','D01'),('A0303','NYS-MIX3339294 White','C14','D01'),('A0303','NYS-MIX3339295 Ivory','C14','D01'),('A0303','NYS-MIX3339296 Red','C14','D01'),('A0303','NYS-MIX3339297 Green','C14','D01'),('A0303','NYS-MIX3339298 Blue','C14','D01'),('A0303','NYS-MIX3339299 Deep Blue','C14','D01'),('A0303','NYS-MIX3339300 Navy','C14','D01'),('A0303','NYS-MIX3339301 Khaki','C14','D01'),('A0303','NYS-MIX3339302 Sky Blue','C14','D01'),('A0303','NYS-MIX3339303 Yellow','C14','D01'),('A0303','NYS-MIX3339304 Floral Pattern','C14','D01'),('A0303','NYS-MIX3339305 Purple','C14','D01'),('A0303','NYS-MIX3339306 Orange','C14','D01'),('A0303','NYS-MIX3339307 Stripe','C14','D01'),('A0303','NYS-MIX3339308 Marine White','C14','D01'),('A0303','NYS-MIX3339309 Aqua Blue','C14','D01'),('A0303','NYS-MIX3339310 Logo Pattern','C14','D01'),('A0303','NYS-MIX3339311 Square Pattern','C14','D01'),('A0303','NYS-MIX3339312 Dot Pattern','C14','D01'),('A0203','NYS-REF5255777 Black','C14','D01'),('A0203','NYS-REF5255778 Dark Grey','C14','D01'),('A0203','NYS-REF5255779 Melange Grey','C14','D01'),('A0203','NYS-REF5255780 Titan Grey','C14','D01'),('A0203','NYS-REF5255781 White','C14','D01'),('A0203','NYS-REF5255782 Ivory','C14','D01'),('A0203','NYS-REF5255783 Red','C14','D01'),('A0203','NYS-REF5255784 Green','C14','D01'),('A0203','NYS-REF5255785 Blue','C14','D01'),('A0203','NYS-REF5255786 Deep Blue','C14','D01'),('A0203','NYS-REF5255787 Navy','C14','D01'),('A0203','NYS-REF5255788 Khaki','C14','D01'),('A0203','NYS-REF5255789 Sky Blue','C14','D01'),('A0203','NYS-REF5255790 Yellow','C14','D01'),('A0203','NYS-REF5255791 Floral Pattern','C14','D01'),('A0203','NYS-REF5255792 Purple','C14','D01'),('A0203','NYS-REF5255793 Orange','C14','D01'),('A0203','NYS-REF5255794 Stripe','C14','D01'),('A0203','NYS-REF5255795 Marine White','C14','D01'),('A0203','NYS-REF5255796 Aqua Blue','C14','D01'),('A0203','NYS-REF5255797 Logo Pattern','C14','D01'),('A0203','NYS-REF5255798 Square Pattern','C14','D01'),('A0203','NYS-REF5255799 Dot Pattern','C14','D01'),('A0603','NZONE-CAN1001145 Black','C48','D01'),('A0603','NZONE-CAN1001146 Dark Grey','C48','D01'),('A0603','NZONE-CAN1001147 Melange Grey','C48','D01'),('A0603','NZONE-CAN1001149 White','C48','D01'),('A0603','NZONE-CAN1001150 Ivory','C48','D01'),('A0603','NZONE-CAN1001151 Red','C48','D01'),('A0603','NZONE-CAN1001153 Blue','C48','D01'),('A0603','NZONE-CAN1001154 Deep Blue','C48','D01'),('A0603','NZONE-CAN1001155 Navy','C48','D01'),('A0603','NZONE-CAN1001156 Khaki','C48','D01'),('A0603','NZONE-CAN1001157 Sky Blue','C48','D01'),('A0603','NZONE-CAN1001160 Purple','C48','D01'),('A0603','NZONE-CAN1001161 Orange','C48','D01'),('A0603','NZONE-CAN1001163 Marine White','C48','D01'),('A0603','NZONE-CAN1001164 Aqua Blue','C48','D01'),('A0603','NZONE-CAN1001165 Logo Pattern','C48','D01'),('A0603','NZONE-CAN1001167 Dot Pattern','C48','D01'),('A0304','OND-HT3339152 Black','C27','D03'),('A0304','OND-HT3339153 Dark Grey','C27','D03'),('A0304','OND-HT3339154 Melange Grey','C27','D03'),('A0304','OND-HT3339155 Titan Grey','C27','D03'),('A0304','OND-HT3339156 White','C27','D03'),('A0304','OND-HT3339157 Ivory','C27','D03'),('A0304','OND-HT3339158 Red','C27','D03'),('A0304','OND-HT3339159 Green','C27','D03'),('A0304','OND-HT3339160 Blue','C27','D03'),('A0304','OND-HT3339161 Deep Blue','C27','D03'),('A0304','OND-HT3339162 Navy','C27','D03'),('A0304','OND-HT3339163 Khaki','C27','D03'),('A0304','OND-HT3339164 Sky Blue','C27','D03'),('A0304','OND-HT3339165 Yellow','C27','D03'),('A0304','OND-HT3339166 Floral Pattern','C27','D03'),('A0304','OND-HT3339167 Purple','C27','D03'),('A0304','OND-HT3339168 Orange','C27','D03'),('A0304','OND-HT3339169 Stripe','C27','D03'),('A0304','OND-HT3339170 Marine White','C27','D03'),('A0304','OND-HT3339171 Aqua Blue','C27','D03'),('A0304','OND-HT3339172 Logo Pattern','C27','D03'),('A0304','OND-HT3339173 Square Pattern','C27','D03'),('A0304','OND-HT3339174 Dot Pattern','C27','D03'),('A0103','OS-DSKT6810524 Black','C35','D01'),('A0103','OS-DSKT6810525 Dark Grey','C35','D01'),('A0103','OS-DSKT6810526 Melange Grey','C35','D01'),('A0103','OS-DSKT6810527 Titan Grey','C35','D01'),('A0103','OS-DSKT6810528 White','C35','D01'),('A0103','OS-DSKT6810529 Ivory','C35','D01'),('A0103','OS-DSKT6810530 Red','C35','D01'),('A0103','OS-DSKT6810531 Green','C35','D01'),('A0103','OS-DSKT6810532 Blue','C35','D01'),('A0103','OS-DSKT6810533 Deep Blue','C35','D01'),('A0103','OS-DSKT6810534 Navy','C35','D01'),('A0103','OS-DSKT6810535 Khaki','C35','D01'),('A0103','OS-DSKT6810536 Sky Blue','C35','D01'),('A0103','OS-DSKT6810537 Yellow','C35','D01'),('A0103','OS-DSKT6810538 Floral Pattern','C35','D01'),('A0103','OS-DSKT6810539 Purple','C35','D01'),('A0103','OS-DSKT6810540 Orange','C35','D01'),('A0103','OS-DSKT6810541 Stripe','C35','D01'),('A0103','OS-DSKT6810542 Marine White','C35','D01'),('A0103','OS-DSKT6810543 Aqua Blue','C35','D01'),('A0103','OS-DSKT6810544 Logo Pattern','C35','D01'),('A0103','OS-DSKT6810545 Square Pattern','C35','D01'),('A0103','OS-DSKT6810546 Dot Pattern','C35','D01'),('A0101','OS-NB7390289 Black','C35','D01'),('A0101','OS-NB7390290 Dark Grey','C35','D01'),('A0101','OS-NB7390291 Melange Grey','C35','D01'),('A0101','OS-NB7390292 Titan Grey','C35','D01'),('A0101','OS-NB7390293 White','C35','D01'),('A0101','OS-NB7390294 Ivory','C35','D01'),('A0101','OS-NB7390295 Red','C35','D01'),('A0101','OS-NB7390296 Green','C35','D01'),('A0101','OS-NB7390297 Blue','C35','D01'),('A0101','OS-NB7390298 Deep Blue','C35','D01'),('A0101','OS-NB7390299 Navy','C35','D01'),('A0101','OS-NB7390300 Khaki','C35','D01'),('A0101','OS-NB7390301 Sky Blue','C35','D01'),('A0101','OS-NB7390302 Yellow','C35','D01'),('A0101','OS-NB7390303 Floral Pattern','C35','D01'),('A0101','OS-NB7390304 Purple','C35','D01'),('A0101','OS-NB7390305 Orange','C35','D01'),('A0101','OS-NB7390306 Stripe','C35','D01'),('A0101','OS-NB7390307 Marine White','C35','D01'),('A0101','OS-NB7390308 Aqua Blue','C35','D01'),('A0101','OS-NB7390309 Logo Pattern','C35','D01'),('A0101','OS-NB7390310 Square Pattern','C35','D01'),('A0101','OS-NB7390311 Dot Pattern','C35','D01'),('A0502','OXK-MACC2054554 Black','C21','D07'),('A0502','OXK-MACC2054555 Dark Grey','C21','D07'),('A0502','OXK-MACC2054556 Melange Grey','C21','D07'),('A0502','OXK-MACC2054557 Titan Grey','C21','D07'),('A0502','OXK-MACC2054558 White','C21','D07'),('A0502','OXK-MACC2054559 Ivory','C21','D07'),('A0502','OXK-MACC2054560 Red','C21','D07'),('A0502','OXK-MACC2054561 Green','C21','D07'),('A0502','OXK-MACC2054562 Blue','C21','D07'),('A0502','OXK-MACC2054563 Deep Blue','C21','D07'),('A0502','OXK-MACC2054564 Navy','C21','D07'),('A0502','OXK-MACC2054565 Khaki','C21','D07'),('A0502','OXK-MACC2054566 Sky Blue','C21','D07'),('A0502','OXK-MACC2054567 Yellow','C21','D07'),('A0502','OXK-MACC2054568 Floral Pattern','C21','D07'),('A0502','OXK-MACC2054569 Purple','C21','D07'),('A0502','OXK-MACC2054570 Orange','C21','D07'),('A0502','OXK-MACC2054571 Stripe','C21','D07'),('A0502','OXK-MACC2054572 Marine White','C21','D07'),('A0502','OXK-MACC2054573 Aqua Blue','C21','D07'),('A0502','OXK-MACC2054574 Logo Pattern','C21','D07'),('A0502','OXK-MACC2054575 Square Pattern','C21','D07'),('A0502','OXK-MACC2054576 Dot Pattern','C21','D07'),('A0501','OXK-PHN2821479 Black','C21','D07'),('A0501','OXK-PHN2821480 Dark Grey','C21','D07'),('A0501','OXK-PHN2821481 Melange Grey','C21','D07'),('A0501','OXK-PHN2821482 Titan Grey','C21','D07'),('A0501','OXK-PHN2821483 White','C21','D07'),('A0501','OXK-PHN2821484 Ivory','C21','D07'),('A0501','OXK-PHN2821485 Red','C21','D07'),('A0501','OXK-PHN2821486 Green','C21','D07'),('A0501','OXK-PHN2821487 Blue','C21','D07'),('A0501','OXK-PHN2821488 Deep Blue','C21','D07'),('A0501','OXK-PHN2821489 Navy','C21','D07'),('A0501','OXK-PHN2821490 Khaki','C21','D07'),('A0501','OXK-PHN2821491 Sky Blue','C21','D07'),('A0501','OXK-PHN2821492 Yellow','C21','D07'),('A0501','OXK-PHN2821493 Floral Pattern','C21','D07'),('A0501','OXK-PHN2821494 Purple','C21','D07'),('A0501','OXK-PHN2821495 Orange','C21','D07'),('A0501','OXK-PHN2821496 Stripe','C21','D07'),('A0501','OXK-PHN2821497 Marine White','C21','D07'),('A0501','OXK-PHN2821498 Aqua Blue','C21','D07'),('A0501','OXK-PHN2821499 Logo Pattern','C21','D07'),('A0501','OXK-PHN2821500 Square Pattern','C21','D07'),('A0501','OXK-PHN2821501 Dot Pattern','C21','D07'),('A0101','P2S-NB7390381 Black','C36','D05'),('A0101','P2S-NB7390382 Dark Grey','C36','D05'),('A0101','P2S-NB7390383 Melange Grey','C36','D05'),('A0101','P2S-NB7390384 Titan Grey','C36','D05'),('A0101','P2S-NB7390385 White','C36','D05'),('A0101','P2S-NB7390386 Ivory','C36','D05'),('A0101','P2S-NB7390387 Red','C36','D05'),('A0101','P2S-NB7390388 Green','C36','D05'),('A0101','P2S-NB7390389 Blue','C36','D05'),('A0101','P2S-NB7390390 Deep Blue','C36','D05'),('A0101','P2S-NB7390391 Navy','C36','D05'),('A0101','P2S-NB7390392 Khaki','C36','D05'),('A0101','P2S-NB7390393 Sky Blue','C36','D05'),('A0101','P2S-NB7390394 Yellow','C36','D05'),('A0101','P2S-NB7390395 Floral Pattern','C36','D05'),('A0101','P2S-NB7390396 Purple','C36','D05'),('A0101','P2S-NB7390397 Orange','C36','D05'),('A0101','P2S-NB7390398 Stripe','C36','D05'),('A0101','P2S-NB7390399 Marine White','C36','D05'),('A0101','P2S-NB7390400 Aqua Blue','C36','D05'),('A0101','P2S-NB7390401 Logo Pattern','C36','D05'),('A0101','P2S-NB7390402 Square Pattern','C36','D05'),('A0101','P2S-NB7390403 Dot Pattern','C36','D05'),('A0202','POI-ERA5753287 Black','C25','D09'),('A0202','POI-ERA5753288 Dark Grey','C25','D09'),('A0202','POI-ERA5753289 Melange Grey','C25','D09'),('A0202','POI-ERA5753290 Titan Grey','C25','D09'),('A0202','POI-ERA5753291 White','C25','D09'),('A0202','POI-ERA5753292 Ivory','C25','D09'),('A0202','POI-ERA5753293 Red','C25','D09'),('A0202','POI-ERA5753294 Green','C25','D09'),('A0202','POI-ERA5753295 Blue','C25','D09'),('A0202','POI-ERA5753296 Deep Blue','C25','D09'),('A0202','POI-ERA5753297 Navy','C25','D09'),('A0202','POI-ERA5753298 Khaki','C25','D09'),('A0202','POI-ERA5753299 Sky Blue','C25','D09'),('A0202','POI-ERA5753300 Yellow','C25','D09'),('A0202','POI-ERA5753301 Floral Pattern','C25','D09'),('A0202','POI-ERA5753302 Purple','C25','D09'),('A0202','POI-ERA5753303 Orange','C25','D09'),('A0202','POI-ERA5753304 Stripe','C25','D09'),('A0202','POI-ERA5753305 Marine White','C25','D09'),('A0202','POI-ERA5753306 Aqua Blue','C25','D09'),('A0202','POI-ERA5753307 Logo Pattern','C25','D09'),('A0202','POI-ERA5753308 Square Pattern','C25','D09'),('A0202','POI-ERA5753309 Dot Pattern','C25','D09'),('A0203','POI-REF5255892 Black','C25','D09'),('A0203','POI-REF5255893 Dark Grey','C25','D09'),('A0203','POI-REF5255894 Melange Grey','C25','D09'),('A0203','POI-REF5255895 Titan Grey','C25','D09'),('A0203','POI-REF5255896 White','C25','D09'),('A0203','POI-REF5255897 Ivory','C25','D09'),('A0203','POI-REF5255898 Red','C25','D09'),('A0203','POI-REF5255899 Green','C25','D09'),('A0203','POI-REF5255900 Blue','C25','D09'),('A0203','POI-REF5255901 Deep Blue','C25','D09'),('A0203','POI-REF5255902 Navy','C25','D09'),('A0203','POI-REF5255903 Khaki','C25','D09'),('A0203','POI-REF5255904 Sky Blue','C25','D09'),('A0203','POI-REF5255905 Yellow','C25','D09'),('A0203','POI-REF5255906 Floral Pattern','C25','D09'),('A0203','POI-REF5255907 Purple','C25','D09'),('A0203','POI-REF5255908 Orange','C25','D09'),('A0203','POI-REF5255909 Stripe','C25','D09'),('A0203','POI-REF5255910 Marine White','C25','D09'),('A0203','POI-REF5255911 Aqua Blue','C25','D09'),('A0203','POI-REF5255912 Logo Pattern','C25','D09'),('A0203','POI-REF5255913 Square Pattern','C25','D09'),('A0203','POI-REF5255914 Dot Pattern','C25','D09'),('A0301','PPP-LUX3339244 Black','C06','D06'),('A0301','PPP-LUX3339245 Dark Grey','C06','D06'),('A0301','PPP-LUX3339246 Melange Grey','C06','D06'),('A0301','PPP-LUX3339247 Titan Grey','C06','D06'),('A0301','PPP-LUX3339248 White','C06','D06'),('A0301','PPP-LUX3339249 Ivory','C06','D06'),('A0301','PPP-LUX3339250 Red','C06','D06'),('A0301','PPP-LUX3339251 Green','C06','D06'),('A0301','PPP-LUX3339252 Blue','C06','D06'),('A0301','PPP-LUX3339253 Deep Blue','C06','D06'),('A0301','PPP-LUX3339254 Navy','C06','D06'),('A0301','PPP-LUX3339255 Khaki','C06','D06'),('A0301','PPP-LUX3339256 Sky Blue','C06','D06'),('A0301','PPP-LUX3339257 Yellow','C06','D06'),('A0301','PPP-LUX3339258 Floral Pattern','C06','D06'),('A0301','PPP-LUX3339259 Purple','C06','D06'),('A0301','PPP-LUX3339260 Orange','C06','D06'),('A0301','PPP-LUX3339261 Stripe','C06','D06'),('A0301','PPP-LUX3339262 Marine White','C06','D06'),('A0301','PPP-LUX3339263 Aqua Blue','C06','D06'),('A0301','PPP-LUX3339264 Logo Pattern','C06','D06'),('A0301','PPP-LUX3339265 Square Pattern','C06','D06'),('A0301','PPP-LUX3339266 Dot Pattern','C06','D06'),('A0604','REC-DEH1003114 Black','C43','D03'),('A0604','REC-DEH1003115 Dark Grey','C43','D03'),('A0604','REC-DEH1003116 Melange Grey','C43','D03'),('A0604','REC-DEH1003117 Titan Grey','C43','D03'),('A0604','REC-DEH1003118 White','C43','D03'),('A0604','REC-DEH1003119 Ivory','C43','D03'),('A0604','REC-DEH1003120 Red','C43','D03'),('A0604','REC-DEH1003121 Green','C43','D03'),('A0604','REC-DEH1003122 Blue','C43','D03'),('A0604','REC-DEH1003123 Deep Blue','C43','D03'),('A0604','REC-DEH1003124 Navy','C43','D03'),('A0604','REC-DEH1003125 Khaki','C43','D03'),('A0604','REC-DEH1003126 Sky Blue','C43','D03'),('A0604','REC-DEH1003127 Yellow','C43','D03'),('A0604','REC-DEH1003128 Floral Pattern','C43','D03'),('A0604','REC-DEH1003129 Purple','C43','D03'),('A0604','REC-DEH1003130 Orange','C43','D03'),('A0604','REC-DEH1003131 Stripe','C43','D03'),('A0604','REC-DEH1003132 Marine White','C43','D03'),('A0604','REC-DEH1003133 Aqua Blue','C43','D03'),('A0604','REC-DEH1003134 Logo Pattern','C43','D03'),('A0604','REC-DEH1003135 Square Pattern','C43','D03'),('A0604','REC-DEH1003136 Dot Pattern','C43','D03'),('A0601','REC-HUM1002047 Black','C43','D03'),('A0601','REC-HUM1002048 Dark Grey','C43','D03'),('A0601','REC-HUM1002049 Melange Grey','C43','D03'),('A0601','REC-HUM1002050 Titan Grey','C43','D03'),('A0601','REC-HUM1002051 White','C43','D03'),('A0601','REC-HUM1002052 Ivory','C43','D03'),('A0601','REC-HUM1002053 Red','C43','D03'),('A0601','REC-HUM1002054 Green','C43','D03'),('A0601','REC-HUM1002055 Blue','C43','D03'),('A0601','REC-HUM1002056 Deep Blue','C43','D03'),('A0601','REC-HUM1002057 Navy','C43','D03'),('A0601','REC-HUM1002058 Khaki','C43','D03'),('A0601','REC-HUM1002059 Sky Blue','C43','D03'),('A0601','REC-HUM1002060 Yellow','C43','D03'),('A0601','REC-HUM1002061 Floral Pattern','C43','D03'),('A0601','REC-HUM1002062 Purple','C43','D03'),('A0601','REC-HUM1002063 Orange','C43','D03'),('A0601','REC-HUM1002064 Stripe','C43','D03'),('A0601','REC-HUM1002065 Marine White','C43','D03'),('A0601','REC-HUM1002066 Aqua Blue','C43','D03'),('A0601','REC-HUM1002067 Logo Pattern','C43','D03'),('A0601','REC-HUM1002068 Square Pattern','C43','D03'),('A0601','REC-HUM1002069 Dot Pattern','C43','D03'),('A0103','SC21-DSKT6810501 Black','C39','D07'),('A0103','SC21-DSKT6810502 Dark Grey','C39','D07'),('A0103','SC21-DSKT6810503 Melange Grey','C39','D07'),('A0103','SC21-DSKT6810504 Titan Grey','C39','D07'),('A0103','SC21-DSKT6810505 White','C39','D07'),('A0103','SC21-DSKT6810506 Ivory','C39','D07'),('A0103','SC21-DSKT6810507 Red','C39','D07'),('A0103','SC21-DSKT6810508 Green','C39','D07'),('A0103','SC21-DSKT6810509 Blue','C39','D07'),('A0103','SC21-DSKT6810510 Deep Blue','C39','D07'),('A0103','SC21-DSKT6810511 Navy','C39','D07'),('A0103','SC21-DSKT6810512 Khaki','C39','D07'),('A0103','SC21-DSKT6810513 Sky Blue','C39','D07'),('A0103','SC21-DSKT6810514 Yellow','C39','D07'),('A0103','SC21-DSKT6810515 Floral Pattern','C39','D07'),('A0103','SC21-DSKT6810516 Purple','C39','D07'),('A0103','SC21-DSKT6810517 Orange','C39','D07'),('A0103','SC21-DSKT6810518 Stripe','C39','D07'),('A0103','SC21-DSKT6810519 Marine White','C39','D07'),('A0103','SC21-DSKT6810520 Aqua Blue','C39','D07'),('A0103','SC21-DSKT6810521 Logo Pattern','C39','D07'),('A0103','SC21-DSKT6810522 Square Pattern','C39','D07'),('A0103','SC21-DSKT6810523 Dot Pattern','C39','D07'),('A0104','SC21-MOR8443113 Black','C39','D07'),('A0104','SC21-MOR8443114 Dark Grey','C39','D07'),('A0104','SC21-MOR8443115 Melange Grey','C39','D07'),('A0104','SC21-MOR8443116 Titan Grey','C39','D07'),('A0104','SC21-MOR8443117 White','C39','D07'),('A0104','SC21-MOR8443118 Ivory','C39','D07'),('A0104','SC21-MOR8443119 Red','C39','D07'),('A0104','SC21-MOR8443120 Green','C39','D07'),('A0104','SC21-MOR8443121 Blue','C39','D07'),('A0104','SC21-MOR8443122 Deep Blue','C39','D07'),('A0104','SC21-MOR8443123 Navy','C39','D07'),('A0104','SC21-MOR8443124 Khaki','C39','D07'),('A0104','SC21-MOR8443125 Sky Blue','C39','D07'),('A0104','SC21-MOR8443126 Yellow','C39','D07'),('A0104','SC21-MOR8443127 Floral Pattern','C39','D07'),('A0104','SC21-MOR8443128 Purple','C39','D07'),('A0104','SC21-MOR8443129 Orange','C39','D07'),('A0104','SC21-MOR8443130 Stripe','C39','D07'),('A0104','SC21-MOR8443131 Marine White','C39','D07'),('A0104','SC21-MOR8443132 Aqua Blue','C39','D07'),('A0104','SC21-MOR8443133 Logo Pattern','C39','D07'),('A0104','SC21-MOR8443134 Square Pattern','C39','D07'),('A0104','SC21-MOR8443135 Dot Pattern','C39','D07'),('A0101','SC21-NB7390266 Black','C39','D07'),('A0101','SC21-NB7390267 Dark Grey','C39','D07'),('A0101','SC21-NB7390268 Melange Grey','C39','D07'),('A0101','SC21-NB7390269 Titan Grey','C39','D07'),('A0101','SC21-NB7390270 White','C39','D07'),('A0101','SC21-NB7390271 Ivory','C39','D07'),('A0101','SC21-NB7390272 Red','C39','D07'),('A0101','SC21-NB7390273 Green','C39','D07'),('A0101','SC21-NB7390274 Blue','C39','D07'),('A0101','SC21-NB7390275 Deep Blue','C39','D07'),('A0101','SC21-NB7390276 Navy','C39','D07'),('A0101','SC21-NB7390277 Khaki','C39','D07'),('A0101','SC21-NB7390278 Sky Blue','C39','D07'),('A0101','SC21-NB7390279 Yellow','C39','D07'),('A0101','SC21-NB7390280 Floral Pattern','C39','D07'),('A0101','SC21-NB7390281 Purple','C39','D07'),('A0101','SC21-NB7390282 Orange','C39','D07'),('A0101','SC21-NB7390283 Stripe','C39','D07'),('A0101','SC21-NB7390284 Marine White','C39','D07'),('A0101','SC21-NB7390285 Aqua Blue','C39','D07'),('A0101','SC21-NB7390286 Logo Pattern','C39','D07'),('A0101','SC21-NB7390287 Square Pattern','C39','D07'),('A0101','SC21-NB7390288 Dot Pattern','C39','D07'),('A0402','SIL-CHE4095566 Black','C44','D08'),('A0402','SIL-CHE4095567 Dark Grey','C44','D08'),('A0402','SIL-CHE4095568 Melange Grey','C44','D08'),('A0402','SIL-CHE4095569 Titan Grey','C44','D08'),('A0402','SIL-CHE4095570 White','C44','D08'),('A0402','SIL-CHE4095571 Ivory','C44','D08'),('A0402','SIL-CHE4095572 Red','C44','D08'),('A0402','SIL-CHE4095573 Green','C44','D08'),('A0402','SIL-CHE4095574 Blue','C44','D08'),('A0402','SIL-CHE4095575 Deep Blue','C44','D08'),('A0402','SIL-CHE4095576 Navy','C44','D08'),('A0402','SIL-CHE4095577 Khaki','C44','D08'),('A0402','SIL-CHE4095578 Sky Blue','C44','D08'),('A0402','SIL-CHE4095579 Yellow','C44','D08'),('A0402','SIL-CHE4095580 Floral Pattern','C44','D08'),('A0402','SIL-CHE4095581 Purple','C44','D08'),('A0402','SIL-CHE4095582 Orange','C44','D08'),('A0402','SIL-CHE4095583 Stripe','C44','D08'),('A0402','SIL-CHE4095584 Marine White','C44','D08'),('A0402','SIL-CHE4095585 Aqua Blue','C44','D08'),('A0402','SIL-CHE4095586 Logo Pattern','C44','D08'),('A0402','SIL-CHE4095587 Square Pattern','C44','D08'),('A0402','SIL-CHE4095588 Dot Pattern','C44','D08'),('A0401','SIL-WAS4095520 Black','C44','D08'),('A0401','SIL-WAS4095521 Dark Grey','C44','D08'),('A0401','SIL-WAS4095522 Melange Grey','C44','D08'),('A0401','SIL-WAS4095523 Titan Grey','C44','D08'),('A0401','SIL-WAS4095524 White','C44','D08'),('A0401','SIL-WAS4095525 Ivory','C44','D08'),('A0401','SIL-WAS4095526 Red','C44','D08'),('A0401','SIL-WAS4095527 Green','C44','D08'),('A0401','SIL-WAS4095528 Blue','C44','D08'),('A0401','SIL-WAS4095529 Deep Blue','C44','D08'),('A0401','SIL-WAS4095530 Navy','C44','D08'),('A0401','SIL-WAS4095531 Khaki','C44','D08'),('A0401','SIL-WAS4095532 Sky Blue','C44','D08'),('A0401','SIL-WAS4095533 Yellow','C44','D08'),('A0401','SIL-WAS4095534 Floral Pattern','C44','D08'),('A0401','SIL-WAS4095535 Purple','C44','D08'),('A0401','SIL-WAS4095536 Orange','C44','D08'),('A0401','SIL-WAS4095537 Stripe','C44','D08'),('A0401','SIL-WAS4095538 Marine White','C44','D08'),('A0401','SIL-WAS4095539 Aqua Blue','C44','D08'),('A0401','SIL-WAS4095540 Logo Pattern','C44','D08'),('A0401','SIL-WAS4095541 Square Pattern','C44','D08'),('A0401','SIL-WAS4095542 Dot Pattern','C44','D08'),('A0603','SJC-CAN1001237 Black','C55','D06'),('A0603','SJC-CAN1001238 Dark Grey','C55','D06'),('A0603','SJC-CAN1001239 Melange Grey','C55','D06'),('A0603','SJC-CAN1001240 Titan Grey','C55','D06'),('A0603','SJC-CAN1001241 White','C55','D06'),('A0603','SJC-CAN1001242 Ivory','C55','D06'),('A0603','SJC-CAN1001243 Red','C55','D06'),('A0603','SJC-CAN1001244 Green','C55','D06'),('A0603','SJC-CAN1001245 Blue','C55','D06'),('A0603','SJC-CAN1001246 Deep Blue','C55','D06'),('A0603','SJC-CAN1001247 Navy','C55','D06'),('A0603','SJC-CAN1001249 Sky Blue','C55','D06'),('A0603','SJC-CAN1001250 Yellow','C55','D06'),('A0603','SJC-CAN1001251 Floral Pattern','C55','D06'),('A0603','SJC-CAN1001252 Purple','C55','D06'),('A0603','SJC-CAN1001253 Orange','C55','D06'),('A0603','SJC-CAN1001254 Stripe','C55','D06'),('A0603','SJC-CAN1001255 Marine White','C55','D06'),('A0603','SJC-CAN1001256 Aqua Blue','C55','D06'),('A0603','SJC-CAN1001257 Logo Pattern','C55','D06'),('A0603','SJC-CAN1001258 Square Pattern','C55','D06'),('A0603','SJC-CAN1001259 Dot Pattern','C55','D06'),('A0501','SKY26-PHN2821502 Black','C10','D01'),('A0501','SKY26-PHN2821503 Dark Grey','C10','D01'),('A0501','SKY26-PHN2821504 Melange Grey','C10','D01'),('A0501','SKY26-PHN2821505 Titan Grey','C10','D01'),('A0501','SKY26-PHN2821506 White','C10','D01'),('A0501','SKY26-PHN2821507 Ivory','C10','D01'),('A0501','SKY26-PHN2821508 Red','C10','D01'),('A0501','SKY26-PHN2821509 Green','C10','D01'),('A0501','SKY26-PHN2821510 Blue','C10','D01'),('A0501','SKY26-PHN2821511 Deep Blue','C10','D01'),('A0501','SKY26-PHN2821512 Navy','C10','D01'),('A0501','SKY26-PHN2821513 Khaki','C10','D01'),('A0501','SKY26-PHN2821514 Sky Blue','C10','D01'),('A0501','SKY26-PHN2821515 Yellow','C10','D01'),('A0501','SKY26-PHN2821516 Floral Pattern','C10','D01'),('A0501','SKY26-PHN2821517 Purple','C10','D01'),('A0501','SKY26-PHN2821518 Orange','C10','D01'),('A0501','SKY26-PHN2821519 Stripe','C10','D01'),('A0501','SKY26-PHN2821520 Marine White','C10','D01'),('A0501','SKY26-PHN2821521 Aqua Blue','C10','D01'),('A0501','SKY26-PHN2821522 Logo Pattern','C10','D01'),('A0501','SKY26-PHN2821523 Square Pattern','C10','D01'),('A0501','SKY26-PHN2821524 Dot Pattern','C10','D01'),('A0504','SKY26-PSBOX2962573 Black','C10','D01'),('A0504','SKY26-PSBOX2962574 Dark Grey','C10','D01'),('A0504','SKY26-PSBOX2962575 Melange Grey','C10','D01'),('A0504','SKY26-PSBOX2962576 Titan Grey','C10','D01'),('A0504','SKY26-PSBOX2962577 White','C10','D01'),('A0504','SKY26-PSBOX2962578 Ivory','C10','D01'),('A0504','SKY26-PSBOX2962579 Red','C10','D01'),('A0504','SKY26-PSBOX2962580 Green','C10','D01'),('A0504','SKY26-PSBOX2962581 Blue','C10','D01'),('A0504','SKY26-PSBOX2962582 Deep Blue','C10','D01'),('A0504','SKY26-PSBOX2962583 Navy','C10','D01'),('A0504','SKY26-PSBOX2962584 Khaki','C10','D01'),('A0504','SKY26-PSBOX2962585 Sky Blue','C10','D01'),('A0504','SKY26-PSBOX2962586 Yellow','C10','D01'),('A0504','SKY26-PSBOX2962587 Floral Pattern','C10','D01'),('A0504','SKY26-PSBOX2962588 Purple','C10','D01'),('A0504','SKY26-PSBOX2962589 Orange','C10','D01'),('A0504','SKY26-PSBOX2962590 Stripe','C10','D01'),('A0504','SKY26-PSBOX2962591 Marine White','C10','D01'),('A0504','SKY26-PSBOX2962592 Aqua Blue','C10','D01'),('A0504','SKY26-PSBOX2962593 Logo Pattern','C10','D01'),('A0504','SKY26-PSBOX2962594 Square Pattern','C10','D01'),('A0504','SKY26-PSBOX2962595 Dot Pattern','C10','D01'),('A0102','SON-CACC9012414 Black','C04','D04'),('A0102','SON-CACC9012415 Dark Grey','C04','D04'),('A0102','SON-CACC9012416 Melange Grey','C04','D04'),('A0102','SON-CACC9012417 Titan Grey','C04','D04'),('A0102','SON-CACC9012418 White','C04','D04'),('A0102','SON-CACC9012419 Ivory','C04','D04'),('A0102','SON-CACC9012420 Red','C04','D04'),('A0102','SON-CACC9012421 Green','C04','D04'),('A0102','SON-CACC9012422 Blue','C04','D04'),('A0102','SON-CACC9012423 Deep Blue','C04','D04'),('A0102','SON-CACC9012424 Navy','C04','D04'),('A0102','SON-CACC9012425 Khaki','C04','D04'),('A0102','SON-CACC9012426 Sky Blue','C04','D04'),('A0102','SON-CACC9012427 Yellow','C04','D04'),('A0102','SON-CACC9012428 Floral Pattern','C04','D04'),('A0102','SON-CACC9012429 Purple','C04','D04'),('A0102','SON-CACC9012430 Orange','C04','D04'),('A0102','SON-CACC9012431 Stripe','C04','D04'),('A0102','SON-CACC9012432 Marine White','C04','D04'),('A0102','SON-CACC9012433 Aqua Blue','C04','D04'),('A0102','SON-CACC9012434 Logo Pattern','C04','D04'),('A0102','SON-CACC9012435 Square Pattern','C04','D04'),('A0102','SON-CACC9012436 Dot Pattern','C04','D04'),('A0104','SON-MOR8443136 Black','C04','D04'),('A0104','SON-MOR8443137 Dark Grey','C04','D04'),('A0104','SON-MOR8443138 Melange Grey','C04','D04'),('A0104','SON-MOR8443139 Titan Grey','C04','D04'),('A0104','SON-MOR8443140 White','C04','D04'),('A0104','SON-MOR8443141 Ivory','C04','D04'),('A0104','SON-MOR8443142 Red','C04','D04'),('A0104','SON-MOR8443143 Green','C04','D04'),('A0104','SON-MOR8443144 Blue','C04','D04'),('A0104','SON-MOR8443145 Deep Blue','C04','D04'),('A0104','SON-MOR8443146 Navy','C04','D04'),('A0104','SON-MOR8443147 Khaki','C04','D04'),('A0104','SON-MOR8443148 Sky Blue','C04','D04'),('A0104','SON-MOR8443149 Yellow','C04','D04'),('A0104','SON-MOR8443150 Floral Pattern','C04','D04'),('A0104','SON-MOR8443151 Purple','C04','D04'),('A0104','SON-MOR8443152 Orange','C04','D04'),('A0104','SON-MOR8443153 Stripe','C04','D04'),('A0104','SON-MOR8443154 Marine White','C04','D04'),('A0104','SON-MOR8443155 Aqua Blue','C04','D04'),('A0104','SON-MOR8443156 Logo Pattern','C04','D04'),('A0104','SON-MOR8443157 Square Pattern','C04','D04'),('A0104','SON-MOR8443158 Dot Pattern','C04','D04'),('A0102','STAK-CACC9012483 Black','C15','D08'),('A0102','STAK-CACC9012484 Dark Grey','C15','D08'),('A0102','STAK-CACC9012485 Melange Grey','C15','D08'),('A0102','STAK-CACC9012486 Titan Grey','C15','D08'),('A0102','STAK-CACC9012487 White','C15','D08'),('A0102','STAK-CACC9012488 Ivory','C15','D08'),('A0102','STAK-CACC9012489 Red','C15','D08'),('A0102','STAK-CACC9012490 Green','C15','D08'),('A0102','STAK-CACC9012491 Blue','C15','D08'),('A0102','STAK-CACC9012492 Deep Blue','C15','D08'),('A0102','STAK-CACC9012493 Navy','C15','D08'),('A0102','STAK-CACC9012494 Khaki','C15','D08'),('A0102','STAK-CACC9012495 Sky Blue','C15','D08'),('A0102','STAK-CACC9012496 Yellow','C15','D08'),('A0102','STAK-CACC9012497 Floral Pattern','C15','D08'),('A0102','STAK-CACC9012498 Purple','C15','D08'),('A0102','STAK-CACC9012499 Orange','C15','D08'),('A0102','STAK-CACC9012500 Stripe','C15','D08'),('A0102','STAK-CACC9012501 Marine White','C15','D08'),('A0102','STAK-CACC9012502 Aqua Blue','C15','D08'),('A0102','STAK-CACC9012503 Logo Pattern','C15','D08'),('A0102','STAK-CACC9012504 Square Pattern','C15','D08'),('A0102','STAK-CACC9012505 Dot Pattern','C15','D08'),('A0603','STE-CAN1001214 Black','C56','D08'),('A0603','STE-CAN1001215 Dark Grey','C56','D08'),('A0603','STE-CAN1001217 Titan Grey','C56','D08'),('A0603','STE-CAN1001218 White','C56','D08'),('A0603','STE-CAN1001220 Red','C56','D08'),('A0603','STE-CAN1001221 Green','C56','D08'),('A0603','STE-CAN1001222 Blue','C56','D08'),('A0603','STE-CAN1001223 Deep Blue','C56','D08'),('A0603','STE-CAN1001224 Navy','C56','D08'),('A0603','STE-CAN1001225 Khaki','C56','D08'),('A0603','STE-CAN1001226 Sky Blue','C56','D08'),('A0603','STE-CAN1001228 Floral Pattern','C56','D08'),('A0603','STE-CAN1001231 Stripe','C56','D08'),('A0603','STE-CAN1001232 Marine White','C56','D08'),('A0603','STE-CAN1001233 Aqua Blue','C56','D08'),('A0603','STE-CAN1001234 Logo Pattern','C56','D08'),('A0603','STE-CAN1001235 Square Pattern','C56','D08'),('A0603','STE-CAN1001236 Dot Pattern','C56','D08'),('A0307','T-B-COF3339267 Black','C41','D09'),('A0307','T-B-COF3339268 Dark Grey','C41','D09'),('A0307','T-B-COF3339269 Melange Grey','C41','D09'),('A0307','T-B-COF3339270 Titan Grey','C41','D09'),('A0307','T-B-COF3339271 White','C41','D09'),('A0307','T-B-COF3339272 Ivory','C41','D09'),('A0307','T-B-COF3339273 Red','C41','D09'),('A0307','T-B-COF3339274 Green','C41','D09'),('A0307','T-B-COF3339275 Blue','C41','D09'),('A0307','T-B-COF3339276 Deep Blue','C41','D09'),('A0307','T-B-COF3339277 Navy','C41','D09'),('A0307','T-B-COF3339278 Khaki','C41','D09'),('A0307','T-B-COF3339279 Sky Blue','C41','D09'),('A0307','T-B-COF3339280 Yellow','C41','D09'),('A0307','T-B-COF3339281 Floral Pattern','C41','D09'),('A0307','T-B-COF3339282 Purple','C41','D09'),('A0307','T-B-COF3339283 Orange','C41','D09'),('A0307','T-B-COF3339284 Stripe','C41','D09'),('A0307','T-B-COF3339285 Marine White','C41','D09'),('A0307','T-B-COF3339286 Aqua Blue','C41','D09'),('A0307','T-B-COF3339287 Logo Pattern','C41','D09'),('A0307','T-B-COF3339288 Square Pattern','C41','D09'),('A0307','T-B-COF3339289 Dot Pattern','C41','D09'),('A0308','TH-GRL5753379 Black','C40','D01'),('A0308','TH-GRL5753380 Dark Grey','C40','D01'),('A0308','TH-GRL5753381 Melange Grey','C40','D01'),('A0308','TH-GRL5753382 Titan Grey','C40','D01'),('A0308','TH-GRL5753383 White','C40','D01'),('A0308','TH-GRL5753384 Ivory','C40','D01'),('A0308','TH-GRL5753385 Red','C40','D01'),('A0308','TH-GRL5753386 Green','C40','D01'),('A0308','TH-GRL5753387 Blue','C40','D01'),('A0308','TH-GRL5753388 Deep Blue','C40','D01'),('A0308','TH-GRL5753389 Navy','C40','D01'),('A0308','TH-GRL5753390 Khaki','C40','D01'),('A0308','TH-GRL5753391 Sky Blue','C40','D01'),('A0308','TH-GRL5753392 Yellow','C40','D01'),('A0308','TH-GRL5753393 Floral Pattern','C40','D01'),('A0308','TH-GRL5753394 Purple','C40','D01'),('A0308','TH-GRL5753395 Orange','C40','D01'),('A0308','TH-GRL5753396 Stripe','C40','D01'),('A0308','TH-GRL5753397 Marine White','C40','D01'),('A0308','TH-GRL5753398 Aqua Blue','C40','D01'),('A0308','TH-GRL5753399 Logo Pattern','C40','D01'),('A0308','TH-GRL5753400 Square Pattern','C40','D01'),('A0308','TH-GRL5753401 Dot Pattern','C40','D01'),('A0203','TH-REF5255731 Black','C40','D01'),('A0203','TH-REF5255732 Dark Grey','C40','D01'),('A0203','TH-REF5255733 Melange Grey','C40','D01'),('A0203','TH-REF5255734 Titan Grey','C40','D01'),('A0203','TH-REF5255735 White','C40','D01'),('A0203','TH-REF5255736 Ivory','C40','D01'),('A0203','TH-REF5255737 Red','C40','D01'),('A0203','TH-REF5255738 Green','C40','D01'),('A0203','TH-REF5255739 Blue','C40','D01'),('A0203','TH-REF5255740 Deep Blue','C40','D01'),('A0203','TH-REF5255741 Navy','C40','D01'),('A0203','TH-REF5255742 Khaki','C40','D01'),('A0203','TH-REF5255743 Sky Blue','C40','D01'),('A0203','TH-REF5255744 Yellow','C40','D01'),('A0203','TH-REF5255745 Floral Pattern','C40','D01'),('A0203','TH-REF5255746 Purple','C40','D01'),('A0203','TH-REF5255747 Orange','C40','D01'),('A0203','TH-REF5255748 Stripe','C40','D01'),('A0203','TH-REF5255749 Marine White','C40','D01'),('A0203','TH-REF5255750 Aqua Blue','C40','D01'),('A0203','TH-REF5255751 Logo Pattern','C40','D01'),('A0203','TH-REF5255752 Square Pattern','C40','D01'),('A0203','TH-REF5255753 Dot Pattern','C40','D01'),('A0202','TH8-ERA5753264 Black','C31','D10'),('A0202','TH8-ERA5753265 Dark Grey','C31','D10'),('A0202','TH8-ERA5753266 Melange Grey','C31','D10'),('A0202','TH8-ERA5753267 Titan Grey','C31','D10'),('A0202','TH8-ERA5753268 White','C31','D10'),('A0202','TH8-ERA5753269 Ivory','C31','D10'),('A0202','TH8-ERA5753270 Red','C31','D10'),('A0202','TH8-ERA5753271 Green','C31','D10'),('A0202','TH8-ERA5753272 Blue','C31','D10'),('A0202','TH8-ERA5753273 Deep Blue','C31','D10'),('A0202','TH8-ERA5753274 Navy','C31','D10'),('A0202','TH8-ERA5753275 Khaki','C31','D10'),('A0202','TH8-ERA5753276 Sky Blue','C31','D10'),('A0202','TH8-ERA5753277 Yellow','C31','D10'),('A0202','TH8-ERA5753278 Floral Pattern','C31','D10'),('A0202','TH8-ERA5753279 Purple','C31','D10'),('A0202','TH8-ERA5753280 Orange','C31','D10'),('A0202','TH8-ERA5753281 Stripe','C31','D10'),('A0202','TH8-ERA5753282 Marine White','C31','D10'),('A0202','TH8-ERA5753283 Aqua Blue','C31','D10'),('A0202','TH8-ERA5753284 Logo Pattern','C31','D10'),('A0202','TH8-ERA5753285 Square Pattern','C31','D10'),('A0202','TH8-ERA5753286 Dot Pattern','C31','D10'),('A0203','TH8-REF5255823 Black','C31','D10'),('A0203','TH8-REF5255824 Dark Grey','C31','D10'),('A0203','TH8-REF5255825 Melange Grey','C31','D10'),('A0203','TH8-REF5255826 Titan Grey','C31','D10'),('A0203','TH8-REF5255827 White','C31','D10'),('A0203','TH8-REF5255828 Ivory','C31','D10'),('A0203','TH8-REF5255829 Red','C31','D10'),('A0203','TH8-REF5255830 Green','C31','D10'),('A0203','TH8-REF5255831 Blue','C31','D10'),('A0203','TH8-REF5255832 Deep Blue','C31','D10'),('A0203','TH8-REF5255833 Navy','C31','D10'),('A0203','TH8-REF5255834 Khaki','C31','D10'),('A0203','TH8-REF5255835 Sky Blue','C31','D10'),('A0203','TH8-REF5255836 Yellow','C31','D10'),('A0203','TH8-REF5255837 Floral Pattern','C31','D10'),('A0203','TH8-REF5255838 Purple','C31','D10'),('A0203','TH8-REF5255839 Orange','C31','D10'),('A0203','TH8-REF5255840 Stripe','C31','D10'),('A0203','TH8-REF5255841 Marine White','C31','D10'),('A0203','TH8-REF5255842 Aqua Blue','C31','D10'),('A0203','TH8-REF5255843 Logo Pattern','C31','D10'),('A0203','TH8-REF5255844 Square Pattern','C31','D10'),('A0203','TH8-REF5255845 Dot Pattern','C31','D10'),('A0505','UBI-MPAY2410963 Black','C51','D01'),('A0505','UBI-MPAY2410964 Dark Grey','C51','D01'),('A0505','UBI-MPAY2410965 Melange Grey','C51','D01'),('A0505','UBI-MPAY2410966 Titan Grey','C51','D01'),('A0505','UBI-MPAY2410967 White','C51','D01'),('A0505','UBI-MPAY2410968 Ivory','C51','D01'),('A0505','UBI-MPAY2410969 Red','C51','D01'),('A0505','UBI-MPAY2410970 Green','C51','D01'),('A0505','UBI-MPAY2410971 Blue','C51','D01'),('A0505','UBI-MPAY2410972 Deep Blue','C51','D01'),('A0505','UBI-MPAY2410973 Navy','C51','D01'),('A0505','UBI-MPAY2410974 Khaki','C51','D01'),('A0505','UBI-MPAY2410975 Sky Blue','C51','D01'),('A0505','UBI-MPAY2410976 Yellow','C51','D01'),('A0505','UBI-MPAY2410977 Floral Pattern','C51','D01'),('A0505','UBI-MPAY2410978 Purple','C51','D01'),('A0505','UBI-MPAY2410979 Orange','C51','D01'),('A0505','UBI-MPAY2410980 Stripe','C51','D01'),('A0505','UBI-MPAY2410981 Marine White','C51','D01'),('A0505','UBI-MPAY2410982 Aqua Blue','C51','D01'),('A0505','UBI-MPAY2410983 Logo Pattern','C51','D01'),('A0505','UBI-MPAY2410984 Square Pattern','C51','D01'),('A0505','UBI-MPAY2410985 Dot Pattern','C51','D01'),('A0103','VSP-DSKT6810478 Black','C08','D07'),('A0103','VSP-DSKT6810479 Dark Grey','C08','D07'),('A0103','VSP-DSKT6810480 Melange Grey','C08','D07'),('A0103','VSP-DSKT6810481 Titan Grey','C08','D07'),('A0103','VSP-DSKT6810482 White','C08','D07'),('A0103','VSP-DSKT6810483 Ivory','C08','D07'),('A0103','VSP-DSKT6810484 Red','C08','D07'),('A0103','VSP-DSKT6810485 Green','C08','D07'),('A0103','VSP-DSKT6810486 Blue','C08','D07'),('A0103','VSP-DSKT6810487 Deep Blue','C08','D07'),('A0103','VSP-DSKT6810488 Navy','C08','D07'),('A0103','VSP-DSKT6810489 Khaki','C08','D07'),('A0103','VSP-DSKT6810490 Sky Blue','C08','D07'),('A0103','VSP-DSKT6810491 Yellow','C08','D07'),('A0103','VSP-DSKT6810492 Floral Pattern','C08','D07'),('A0103','VSP-DSKT6810493 Purple','C08','D07'),('A0103','VSP-DSKT6810494 Orange','C08','D07'),('A0103','VSP-DSKT6810495 Stripe','C08','D07'),('A0103','VSP-DSKT6810496 Marine White','C08','D07'),('A0103','VSP-DSKT6810497 Aqua Blue','C08','D07'),('A0103','VSP-DSKT6810498 Logo Pattern','C08','D07'),('A0103','VSP-DSKT6810499 Square Pattern','C08','D07'),('A0103','VSP-DSKT6810500 Dot Pattern','C08','D07'),('A0104','VSP-MOR8443044 Black','C08','D07'),('A0104','VSP-MOR8443045 Dark Grey','C08','D07'),('A0104','VSP-MOR8443046 Melange Grey','C08','D07'),('A0104','VSP-MOR8443047 Titan Grey','C08','D07'),('A0104','VSP-MOR8443048 White','C08','D07'),('A0104','VSP-MOR8443049 Ivory','C08','D07'),('A0104','VSP-MOR8443050 Red','C08','D07'),('A0104','VSP-MOR8443051 Green','C08','D07'),('A0104','VSP-MOR8443052 Blue','C08','D07'),('A0104','VSP-MOR8443053 Deep Blue','C08','D07'),('A0104','VSP-MOR8443054 Navy','C08','D07'),('A0104','VSP-MOR8443055 Khaki','C08','D07'),('A0104','VSP-MOR8443056 Sky Blue','C08','D07'),('A0104','VSP-MOR8443057 Yellow','C08','D07'),('A0104','VSP-MOR8443058 Floral Pattern','C08','D07'),('A0104','VSP-MOR8443059 Purple','C08','D07'),('A0104','VSP-MOR8443060 Orange','C08','D07'),('A0104','VSP-MOR8443061 Stripe','C08','D07'),('A0104','VSP-MOR8443062 Marine White','C08','D07'),('A0104','VSP-MOR8443063 Aqua Blue','C08','D07'),('A0104','VSP-MOR8443064 Logo Pattern','C08','D07'),('A0104','VSP-MOR8443065 Square Pattern','C08','D07'),('A0104','VSP-MOR8443066 Dot Pattern','C08','D07'),('A0101','VSP-NB7390243 Black','C08','D07'),('A0101','VSP-NB7390244 Dark Grey','C08','D07'),('A0101','VSP-NB7390245 Melange Grey','C08','D07'),('A0101','VSP-NB7390246 Titan Grey','C08','D07'),('A0101','VSP-NB7390247 White','C08','D07'),('A0101','VSP-NB7390248 Ivory','C08','D07'),('A0101','VSP-NB7390249 Red','C08','D07'),('A0101','VSP-NB7390250 Green','C08','D07'),('A0101','VSP-NB7390251 Blue','C08','D07'),('A0101','VSP-NB7390252 Deep Blue','C08','D07'),('A0101','VSP-NB7390253 Navy','C08','D07'),('A0101','VSP-NB7390254 Khaki','C08','D07'),('A0101','VSP-NB7390255 Sky Blue','C08','D07'),('A0101','VSP-NB7390256 Yellow','C08','D07'),('A0101','VSP-NB7390257 Floral Pattern','C08','D07'),('A0101','VSP-NB7390258 Purple','C08','D07'),('A0101','VSP-NB7390259 Orange','C08','D07'),('A0101','VSP-NB7390260 Stripe','C08','D07'),('A0101','VSP-NB7390261 Marine White','C08','D07'),('A0101','VSP-NB7390262 Aqua Blue','C08','D07'),('A0101','VSP-NB7390263 Logo Pattern','C08','D07'),('A0101','VSP-NB7390264 Square Pattern','C08','D07'),('A0101','VSP-NB7390265 Dot Pattern','C08','D07'),('A0603','WIZZ-CAN1001260 Black','C54','D08'),('A0603','WIZZ-CAN1001261 Dark Grey','C54','D08'),('A0603','WIZZ-CAN1001262 Melange Grey','C54','D08'),('A0603','WIZZ-CAN1001263 Titan Grey','C54','D08'),('A0603','WIZZ-CAN1001264 White','C54','D08'),('A0603','WIZZ-CAN1001265 Ivory','C54','D08'),('A0603','WIZZ-CAN1001266 Red','C54','D08'),('A0603','WIZZ-CAN1001267 Green','C54','D08'),('A0603','WIZZ-CAN1001268 Blue','C54','D08'),('A0603','WIZZ-CAN1001269 Deep Blue','C54','D08'),('A0603','WIZZ-CAN1001270 Navy','C54','D08'),('A0603','WIZZ-CAN1001271 Khaki','C54','D08'),('A0603','WIZZ-CAN1001272 Sky Blue','C54','D08'),('A0603','WIZZ-CAN1001273 Yellow','C54','D08'),('A0603','WIZZ-CAN1001274 Floral Pattern','C54','D08'),('A0603','WIZZ-CAN1001276 Orange','C54','D08'),('A0603','WIZZ-CAN1001277 Stripe','C54','D08'),('A0603','WIZZ-CAN1001278 Marine White','C54','D08'),('A0603','WIZZ-CAN1001279 Aqua Blue','C54','D08'),('A0603','WIZZ-CAN1001280 Logo Pattern','C54','D08'),('A0603','WIZZ-CAN1001281 Square Pattern','C54','D08'),('A0603','WIZZ-CAN1001282 Dot Pattern','C54','D08'),('A0401','YBS-WAS4095451 Black','C19','D06'),('A0401','YBS-WAS4095452 Dark Grey','C19','D06'),('A0401','YBS-WAS4095453 Melange Grey','C19','D06'),('A0401','YBS-WAS4095454 Titan Grey','C19','D06'),('A0401','YBS-WAS4095455 White','C19','D06'),('A0401','YBS-WAS4095456 Ivory','C19','D06'),('A0401','YBS-WAS4095457 Red','C19','D06'),('A0401','YBS-WAS4095458 Green','C19','D06'),('A0401','YBS-WAS4095459 Blue','C19','D06'),('A0401','YBS-WAS4095460 Deep Blue','C19','D06'),('A0401','YBS-WAS4095461 Navy','C19','D06'),('A0401','YBS-WAS4095462 Khaki','C19','D06'),('A0401','YBS-WAS4095463 Sky Blue','C19','D06'),('A0401','YBS-WAS4095464 Yellow','C19','D06'),('A0401','YBS-WAS4095465 Floral Pattern','C19','D06'),('A0401','YBS-WAS4095466 Purple','C19','D06'),('A0401','YBS-WAS4095467 Orange','C19','D06'),('A0401','YBS-WAS4095468 Stripe','C19','D06'),('A0401','YBS-WAS4095469 Marine White','C19','D06'),('A0401','YBS-WAS4095470 Aqua Blue','C19','D06'),('A0401','YBS-WAS4095471 Logo Pattern','C19','D06'),('A0401','YBS-WAS4095472 Square Pattern','C19','D06'),('A0401','YBS-WAS4095473 Dot Pattern','C19','D06'),('A0102','ZO-CACC9012460 Black','C28','D01'),('A0102','ZO-CACC9012461 Dark Grey','C28','D01'),('A0102','ZO-CACC9012462 Melange Grey','C28','D01'),('A0102','ZO-CACC9012463 Titan Grey','C28','D01'),('A0102','ZO-CACC9012464 White','C28','D01'),('A0102','ZO-CACC9012465 Ivory','C28','D01'),('A0102','ZO-CACC9012466 Red','C28','D01'),('A0102','ZO-CACC9012467 Green','C28','D01'),('A0102','ZO-CACC9012468 Blue','C28','D01'),('A0102','ZO-CACC9012469 Deep Blue','C28','D01'),('A0102','ZO-CACC9012470 Navy','C28','D01'),('A0102','ZO-CACC9012471 Khaki','C28','D01'),('A0102','ZO-CACC9012472 Sky Blue','C28','D01'),('A0102','ZO-CACC9012473 Yellow','C28','D01'),('A0102','ZO-CACC9012474 Floral Pattern','C28','D01'),('A0102','ZO-CACC9012475 Purple','C28','D01'),('A0102','ZO-CACC9012476 Orange','C28','D01'),('A0102','ZO-CACC9012477 Stripe','C28','D01'),('A0102','ZO-CACC9012478 Marine White','C28','D01'),('A0102','ZO-CACC9012479 Aqua Blue','C28','D01'),('A0102','ZO-CACC9012480 Logo Pattern','C28','D01'),('A0102','ZO-CACC9012481 Square Pattern','C28','D01'),('A0102','ZO-CACC9012482 Dot Pattern','C28','D01'),('A0104','ZO-MOR8443182 Black','C28','D01'),('A0104','ZO-MOR8443183 Dark Grey','C28','D01'),('A0104','ZO-MOR8443184 Melange Grey','C28','D01'),('A0104','ZO-MOR8443185 Titan Grey','C28','D01'),('A0104','ZO-MOR8443186 White','C28','D01'),('A0104','ZO-MOR8443187 Ivory','C28','D01'),('A0104','ZO-MOR8443188 Red','C28','D01'),('A0104','ZO-MOR8443189 Green','C28','D01'),('A0104','ZO-MOR8443190 Blue','C28','D01'),('A0104','ZO-MOR8443191 Deep Blue','C28','D01'),('A0104','ZO-MOR8443192 Navy','C28','D01'),('A0104','ZO-MOR8443193 Khaki','C28','D01'),('A0104','ZO-MOR8443194 Sky Blue','C28','D01'),('A0104','ZO-MOR8443195 Yellow','C28','D01'),('A0104','ZO-MOR8443196 Floral Pattern','C28','D01'),('A0104','ZO-MOR8443197 Purple','C28','D01'),('A0104','ZO-MOR8443198 Orange','C28','D01'),('A0104','ZO-MOR8443199 Stripe','C28','D01'),('A0104','ZO-MOR8443200 Marine White','C28','D01'),('A0104','ZO-MOR8443201 Aqua Blue','C28','D01'),('A0104','ZO-MOR8443202 Logo Pattern','C28','D01'),('A0104','ZO-MOR8443203 Square Pattern','C28','D01'),('A0104','ZO-MOR8443204 Dot Pattern','C28','D01');
/*!40000 ALTER TABLE `TB_PRODUCT` ENABLE KEYS */;
UNLOCK TABLES;
/*!40103 SET TIME_ZONE=@OLD_TIME_ZONE */;

/*!40101 SET SQL_MODE=@OLD_SQL_MODE */;
/*!40014 SET FOREIGN_KEY_CHECKS=@OLD_FOREIGN_KEY_CHECKS */;
/*!40014 SET UNIQUE_CHECKS=@OLD_UNIQUE_CHECKS */;
/*!40101 SET CHARACTER_SET_CLIENT=@OLD_CHARACTER_SET_CLIENT */;
/*!40101 SET CHARACTER_SET_RESULTS=@OLD_CHARACTER_SET_RESULTS */;
/*!40101 SET COLLATION_CONNECTION=@OLD_COLLATION_CONNECTION */;
/*!40111 SET SQL_NOTES=@OLD_SQL_NOTES */;

-- Dump completed on 2024-06-19 13:20:53
